Year,Country,CO,NMVOC,NOX,PM10,PM2-5,SOX
1990,Albania,79.559,18.775,14.045,14.846,13.874,17.68
1991,Albania,71.935,17.64,9.558,13.76,12.932,10.586
1992,Albania,64.56,16.391,6.402,12.729,12.036,3.558
1993,Albania,59.777,16.175,5.417,11.99,11.31,1.63
1994,Albania,57.496,17.788,5.084,11.847,10.961,2.029
1995,Albania,54.162,17.525,5.247,11.292,10.415,1.283
1996,Albania,52.217,16.751,5.04,10.826,9.984,1.761
1997,Albania,49.026,16.009,3.37,10.227,9.408,0.972
1998,Albania,47.063,15.3,4.908,9.852,9.049,1.115
1999,Albania,25.548,13.872,8.33,6.075,5.349,1.647
2000,Albania,24.872,13.931,8.435,6.004,5.253,1.288
2001,Albania,24.804,13.763,8.996,5.982,5.234,1.407
2002,Albania,37.928,14.563,8.535,8.271,7.438,1.54
2003,Albania,20.16,12.507,9.345,5.039,4.276,1.312
2004,Albania,36.978,14.247,7.714,8.11,7.239,1.396
2005,Albania,36.723,14.161,6.976,8.06,7.185,1.248
2006,Albania,37.089,14.082,10.489,8.158,7.305,1.393
2007,Albania,34.291,13.741,10.357,7.733,6.791,1.34
2008,Albania,32.702,13.591,7.924,7.511,6.473,1.283
2009,Albania,35.548,13.551,5.743,7.791,58.201,4.228
2010,Albania,36.095,13.643,7.63,7.895,63.747,4.774
2011,Albania,35.79,13.869,6.732,7.826,78.971,5.729
2012,Albania,31.817,12.247,5.328,6.805,45.955,3.314
2013,Albania,31.24,12.071,4.643,6.692,39.037,2.871
2014,Albania,31.966,12.217,5.856,6.803,48.668,3.649
2015,Albania,32.401,12.131,4.904,6.819,36.685,3.926
2016,Albania,26.832,11.17,5.174,5.835,28.84,2.303
2017,Albania,27.514,11.016,6.673,5.794,28.764,4.846
2018,Albania,31.062,11.141,6.222,6.163,45.348,8.781
2019,Albania,10.394,7.703,5.566,2.221,41.522,8.724
2007,Armenia,111.479,,,,,
2014,Armenia,105.174,,,,,
2016,Armenia,107.565,36.291,18.168,1.824,0.462,38.754
2017,Armenia,112.374,35.592,20.181,0.891,0.325,38.506
2018,Armenia,115.749,36.656,20.472,0.999,0.719,28.667
2019,Armenia,147.409,44.262,22.735,3.269,2.8,0.6
1990,Australia,5728.565,1514.631,1620.449,,,1585.176
1991,Australia,5746.773,1506.213,1595.414,,,1569.958
1992,Australia,5896.188,1510.852,1641.269,,,1652.009
1993,Australia,6120.333,1528.007,1684.129,,,1742.286
1994,Australia,6262.931,1539.816,1686.576,,,1764.29
1995,Australia,6107.827,1522.779,1693.054,,,1673.394
1996,Australia,6281.783,1492.439,1744.617,,,1761.386
1997,Australia,6297.441,1490.443,1797.989,,,1817.474
1998,Australia,5940.996,1479.749,1834.893,,,1742.827
1999,Australia,5805.66,1447.855,1874.027,,,1832.244
2000,Australia,5388.408,1415.744,1881.237,,,2342.997
2001,Australia,5124.806,1405.643,1969.75,,,2585.631
2002,Australia,4990.885,1420.88,2056.914,,,2776.333
2003,Australia,4499.405,1248.505,2121.504,,,2776.272
2004,Australia,4593.239,1256.757,2174.421,,,2512.307
2005,Australia,3973.074,1234.238,2194.272,,,2520.124
2006,Australia,3943.674,1241.934,2204.724,,,2482.611
2007,Australia,3381.215,1202.35,2213.76,,,2444.737
2008,Australia,3223.356,1197.445,2266.186,,,2512.381
2009,Australia,3156.901,1209.228,2251.217,,,2597.932
2010,Australia,2993.295,1195.333,2341.224,,,2378.123
2011,Australia,2941.109,1206.239,2292.039,,,2507.024
2012,Australia,2906.492,1216.944,2439.386,,,2518.107
2013,Australia,2881.962,1232.796,2511.495,,,2414.193
2014,Australia,2772.655,1254.199,2527.429,,,2499.565
2015,Australia,2721.308,1282.995,2545.259,,,2384.729
2016,Australia,2650.832,1257.363,2612.503,,,2465.597
2017,Australia,2798.241,1302.274,2687.782,,,2287.739
2018,Australia,2568.148,1262.42,2769.986,,,2083.004
2019,Australia,2398.683,1175.311,2729.715,,,2197.911
1990,Austria,1247.789,333.591,217.794,43.264,27.181,73.628
1991,Austria,1256.031,328.112,227.353,,,70.654
1992,Austria,1201.333,305.027,215.807,,,54.122
1993,Austria,1140.917,285.996,207.156,,,52.74
1994,Austria,1076.27,263.664,198.774,,,47.24
1995,Austria,973.325,248.012,197.838,41.706,25.788,47.21
1996,Austria,968.851,238.683,215.547,,,43.858
1997,Austria,894.865,224.372,201.756,,,40.297
1998,Austria,849.539,216.11,213.422,,,35.499
1999,Austria,733.286,204.946,205.182,,,33.628
2000,Austria,727.943,180.681,210.647,40.131,24.205,31.432
2001,Austria,698.985,175.066,221.282,40.313,24.464,32.297
2002,Austria,666.065,170.051,228.76,39.111,23.547,31.184
2003,Austria,667.545,166.004,240.064,38.825,23.392,30.951
2004,Austria,649.31,152.586,239.699,38.435,22.775,26.451
2005,Austria,625.256,156.387,245.55,37.704,22.595,25.785
2006,Austria,625.207,158.495,236.228,36.686,22.061,26.552
2007,Austria,602.436,154.511,229.403,36.022,21.245,23.223
2008,Austria,584.076,149.401,216.567,35.135,20.388,20.156
2009,Austria,564.16,136.792,203.332,33.214,19.253,14.647
2010,Austria,580.411,137.273,204.008,33.376,19.751,15.883
2011,Austria,563.083,132.429,196.072,32.139,18.594,15.065
2012,Austria,562.657,130.179,191.346,31.534,18.147,14.69
2013,Austria,566.377,124.391,191.726,30.895,17.544,14.253
2014,Austria,530.962,117.756,184.712,29.641,16.033,14.422
2015,Austria,541.609,112.825,182.088,29.353,15.8,14
2016,Austria,537.148,111.901,174.386,28.923,15.407,13.179
2017,Austria,527.196,112.442,165.136,29.032,15.193,12.706
2018,Austria,485.251,108.471,152.925,27.651,14.073,11.493
2019,Austria,497.77,108.063,143.428,27.634,13.856,11.066
1990,Azerbaijan,,42.055,0.179,8.728,1.51,
1991,Azerbaijan,,41.686,0.172,8.364,1.455,
1992,Azerbaijan,,41.695,0.168,8.005,1.41,
1993,Azerbaijan,,39.949,0.147,6.422,1.185,
1994,Azerbaijan,,38.384,0.13,5.177,0.998,
1995,Azerbaijan,65,51.273,13.601,4.71,1.044,5.599
1996,Azerbaijan,50.11,49.254,11.907,4.464,1.024,5.556
1997,Azerbaijan,50.522,49.904,12.104,4.203,1.015,5.573
1998,Azerbaijan,44.313,51.278,11.194,4.533,1.063,5.799
1999,Azerbaijan,25.565,49.393,9.446,4.716,1.087,4.845
2000,Azerbaijan,31.597,52.503,11.044,6.618,1.217,5.116
2001,Azerbaijan,42.946,54.619,20.869,7.002,1.371,3.928
2002,Azerbaijan,42.788,55.941,19.971,7.383,1.457,3.965
2003,Azerbaijan,49.282,58.805,21.018,7.937,1.574,3.936
2004,Azerbaijan,52.816,60.573,23.966,8.338,1.695,3.955
2005,Azerbaijan,61.777,73.012,24.431,9.999,1.957,4.643
2006,Azerbaijan,74.99,82.684,29.259,10.45,2.081,4.714
2007,Azerbaijan,120.018,79.31,69.699,15.619,6.405,27.493
2008,Azerbaijan,138.08,83.15,81.421,13.57,6.177,16.002
2009,Azerbaijan,142.874,84.522,63.478,15.43,5.417,7.188
2010,Azerbaijan,152.211,88.719,67.858,14.813,6.19,5.081
2011,Azerbaijan,166.911,92.725,74.329,13.602,6.337,6.693
2012,Azerbaijan,182.236,95.139,80.082,13.968,6.608,7.167
2013,Azerbaijan,131.302,90.172,74.275,15.981,6.051,5.239
2014,Azerbaijan,133.184,91.44,77.259,15.334,5.671,5.342
2015,Azerbaijan,134.274,89.602,78.341,15.007,5.606,13.212
2016,Azerbaijan,126.722,89.035,78.937,13.197,4.416,17.677
2017,Azerbaijan,123.844,85.092,78.925,12.546,4.213,11.51
1990,Belgium,1505.249,353.296,419.292,,,363.586
1991,Belgium,1448.046,346.666,418.077,,,364.71
1992,Belgium,1451.62,346.456,419.282,,,355.929
1993,Belgium,1373.405,337.581,414.154,,,330.916
1994,Belgium,1310.844,320.141,412.347,,,289.269
1995,Belgium,1276.7,311.371,406.362,,,256.773
1996,Belgium,1229.12,302.768,391.766,,,246.659
1997,Belgium,1104.796,286.161,377.179,,,224.5
1998,Belgium,1048.212,277.465,379.166,,,210.883
1999,Belgium,981.378,260.139,352.678,,,172.338
2000,Belgium,994.004,235.074,354.569,54.599,39.669,169.565
2001,Belgium,921.902,228.986,343.648,52.857,38.796,163.893
2002,Belgium,960.152,213.098,333.99,49.64,36.291,156.044
2003,Belgium,914.67,202.822,330.548,50.335,36.674,151.016
2004,Belgium,861.289,190.58,341.45,49.775,36.488,153.641
2005,Belgium,798.679,184.11,324.911,45.656,34.021,139.2
2006,Belgium,740.199,177.525,311.46,45.907,34.491,133.116
2007,Belgium,613.539,167.279,301.215,42.914,32.408,122.308
2008,Belgium,618.652,159.12,274.589,42.408,32.173,94.317
2009,Belgium,425.518,146.816,244.67,37.669,28.798,73.398
2010,Belgium,495.374,145.237,244.817,39.427,30.287,59.477
2011,Belgium,397.524,133.247,227.39,33.315,24.584,52.415
2012,Belgium,341.597,129.65,215.686,33.685,24.88,46.776
2013,Belgium,512.543,125.766,205.732,34.503,25.391,42.435
2014,Belgium,318.796,119.169,195.728,29.558,20.708,40.345
2015,Belgium,367.739,118.656,196.252,30.93,21.929,40.834
2016,Belgium,352.052,118.307,184.823,31.036,21.678,33.877
2017,Belgium,285.891,117.334,173.383,29.249,19.916,32.303
2018,Belgium,332.279,117.258,166.174,28.238,18.771,31.72
2019,Belgium,366.142,117.042,154.701,27.366,18.183,29.458
1990,Bosnia and Herzegovina,524.47,139.051,70.67,172.984,94.325,513.793
1991,Bosnia and Herzegovina,459.717,129.123,59.934,146.692,82.137,423.033
1992,Bosnia and Herzegovina,394.964,119.196,49.198,120.399,69.948,329.639
1993,Bosnia and Herzegovina,330.211,109.269,38.462,94.106,57.76,239.3
1994,Bosnia and Herzegovina,265.458,99.342,27.726,67.814,45.571,140.993
1995,Bosnia and Herzegovina,200.705,89.414,16.99,41.521,33.383,52.744
1996,Bosnia and Herzegovina,193.146,83.028,21.108,40.13,30.536,81.452
1997,Bosnia and Herzegovina,185.586,76.641,25.226,38.739,27.688,113.694
1998,Bosnia and Herzegovina,178.027,70.254,29.344,37.348,24.841,143.622
1999,Bosnia and Herzegovina,170.468,63.867,33.463,35.957,21.994,171.062
2000,Bosnia and Herzegovina,163.741,57.497,37.584,35.598,19.699,202.858
2001,Bosnia and Herzegovina,157.919,54.615,42.382,37.357,20.806,208.632
2002,Bosnia and Herzegovina,152.097,51.75,47.183,39.168,21.953,216.147
2003,Bosnia and Herzegovina,145.958,48.884,51.984,40.978,23.1,223.03
2004,Bosnia and Herzegovina,140.274,46.019,56.786,42.788,24.247,229.66
2005,Bosnia and Herzegovina,134.628,43.218,61.982,44.598,25.394,236.688
2006,Bosnia and Herzegovina,139.364,43.513,64.66,44.351,25.498,248.322
2007,Bosnia and Herzegovina,143.975,43.807,67.337,44.103,25.602,259.181
2008,Bosnia and Herzegovina,148.586,44.101,70.015,43.856,25.706,270.862
2009,Bosnia and Herzegovina,153.431,44.395,72.693,43.609,25.81,281.336
2010,Bosnia and Herzegovina,158.179,44.69,75.37,43.361,25.914,291.726
2011,Bosnia and Herzegovina,183.635,59.568,73.269,49.729,32.119,293.623
2012,Bosnia and Herzegovina,210.077,74.52,71.615,56.943,38.788,296.706
2013,Bosnia and Herzegovina,236.518,89.472,69.961,64.156,45.457,299.779
2014,Bosnia and Herzegovina,262.959,104.425,68.307,71.37,52.127,302.868
2015,Bosnia and Herzegovina,289.401,119.377,66.654,78.584,58.796,305.99
2016,Bosnia and Herzegovina,277.986,114.518,63.02,73.038,55.573,255.986
2017,Bosnia and Herzegovina,266.571,109.659,59.387,67.493,52.35,206.016
2018,Bosnia and Herzegovina,253.346,104.801,55.134,61.766,48.988,143.035
2019,Bosnia and Herzegovina,241.856,99.942,51.499,56.222,45.766,93.101
1990,Bulgaria,899.053,475.728,301.102,67.857,42.337,1463.443
1991,Bulgaria,519.234,425.443,208.531,56.207,34.382,1235.735
1992,Bulgaria,594.1,427.889,180.336,52.86,32.242,1108.623
1993,Bulgaria,649.577,418.587,188.743,55.916,34.661,1552.842
1994,Bulgaria,574.999,171.627,184.816,54.687,31.34,1743.257
1995,Bulgaria,593.733,157.978,189.09,53.049,30.22,1692.087
1996,Bulgaria,556.398,148.176,187.882,55.469,32.792,1649.914
1997,Bulgaria,416.926,124.505,173.956,55.725,31.453,1618.348
1998,Bulgaria,483.731,126.741,168.474,59.574,35.53,1441.153
1999,Bulgaria,440.694,119.589,157.057,54.094,31.495,1090.28
2000,Bulgaria,400.334,134.544,159.5,62.771,35.225,1100.793
2001,Bulgaria,359.333,109.521,155.535,53.142,31.996,1025.226
2002,Bulgaria,399.355,118.81,168.495,63.73,37.01,926.533
2003,Bulgaria,410.362,122.099,175.682,66.108,39.792,1004.696
2004,Bulgaria,361.31,110.777,175.122,66.993,39.446,963.977
2005,Bulgaria,342.173,111.63,178.613,68.714,39.34,953.226
2006,Bulgaria,359.951,111.896,155.584,66.377,39.495,946.016
2007,Bulgaria,334.175,106.4,158.277,61.997,37.887,1034.617
2008,Bulgaria,314.753,104.502,154.167,59.462,37.328,723.357
2009,Bulgaria,295.939,98.944,137.391,50.473,33.604,568.211
2010,Bulgaria,307.893,100.65,130.816,48.707,35.038,327.173
2011,Bulgaria,483.41,101.945,150.093,56.129,37.942,653.354
2012,Bulgaria,441.969,99.293,123.654,51.381,37.099,321.765
2013,Bulgaria,273.864,95.084,105.521,46.677,33.965,160.987
2014,Bulgaria,263.715,94.385,111.958,49.612,33.948,152.514
2015,Bulgaria,263.207,95.56,110.315,51.048,33.945,133.444
2016,Bulgaria,268.175,93.243,104.991,43.341,31.283,92.501
2017,Bulgaria,264.229,92.264,92.034,43.194,30.719,91.88
2018,Bulgaria,241.865,88.05,88.542,43.253,29.89,76.928
2019,Bulgaria,231.038,86.04,85.538,43.899,29.342,70.589
1990,Canada,13053.27,2291.946,2250.395,6650.89,1664.392,3013.28
1991,Canada,12699.15,2266.667,2185.3,6411.699,1612.823,2798.229
1992,Canada,12580.45,2298.353,2248.78,6360.45,1577.67,2678.49
1993,Canada,12728.02,2390.255,2333.434,6241.447,1553.97,2591.219
1994,Canada,12797.65,2449.544,2482.499,6556.112,1588.67,2380.701
1995,Canada,13039.49,2508.505,2549.729,6351.34,1531.729,2513.273
1996,Canada,12698.86,2558.084,2622.939,6529.702,1542.341,2518.358
1997,Canada,12360.16,2550.327,2734.455,6933.828,1579.737,2465.328
1998,Canada,12037.13,2551.156,2746.955,6275.394,1398.712,2429.042
1999,Canada,11774.71,2511.849,2754.933,6463.53,1413.194,2329.767
2000,Canada,11500.36,2504.429,2705.938,6305.468,1372.972,2334.399
2001,Canada,11125.27,2427.216,2578.795,6475.837,1349.591,2315.744
2002,Canada,10916.14,2408.452,2541.794,6223.582,1275.293,2272.155
2003,Canada,10396.82,2350.194,2508.747,6267.25,1276.247,2200.802
2004,Canada,9600.49,2277.572,2360.074,6174.395,1241.5,2211.793
2005,Canada,8913.139,2288.578,2263.787,6200.229,1240.526,2099.115
2006,Canada,8204.852,2158.562,2108.954,6394.546,1248.266,1898.27
2007,Canada,7373.18,2093.466,2100.584,6896.641,1330.765,1853.473
2008,Canada,6942.953,2011.629,2020.361,7246.284,1392.599,1668.295
2009,Canada,6657.915,1867.221,1888.889,6784.177,1275.682,1404.159
2010,Canada,6742.358,1836.569,1893.601,7251.785,1346.246,1294.513
2011,Canada,6314.438,1765.62,1802.471,7545.513,1389.729,1203.53
2012,Canada,6003.028,1777.016,1693.495,8202.274,1495.389,1190.589
2013,Canada,5895.194,1807.424,1648.887,8330.167,1509.66,1177.665
2014,Canada,5530.786,1800.665,1609.994,8231.463,1504.438,1128.225
2015,Canada,5342.372,1710.324,1543.506,8423.721,1514.578,1064.366
2016,Canada,5353.376,1610.129,1468.398,8460.74,1507.295,1042.742
2017,Canada,5241.585,1600.919,1492.369,8556.428,1511.891,947.867
2018,Canada,5115.945,1626.421,1455.716,8636.16,1521.696,804.829
2019,Canada,4989.442,1583.99,1434.922,8674.248,1521.711,711.675
2005,Chile,4387.499,2268.696,121.238,379.488,350.643,284.44
2006,Chile,4515.046,2295.058,140.828,383.169,352.89,379.008
2007,Chile,4495.765,2306.461,164.001,396.381,361.209,400.347
2008,Chile,4668.876,2363.211,203.555,424.083,378.153,349.024
2009,Chile,4717.744,2380.734,220.337,425.971,381.378,330.183
2010,Chile,4910.676,2404.325,228.328,431.428,381.729,303.249
2011,Chile,4935.643,2403.623,241.744,436.256,385.13,321.306
2012,Chile,4831.531,2407.379,256.505,434.475,383.858,237.724
2013,Chile,4780.09,2420.017,218.321,428.328,380.986,217.271
2014,Chile,3538.483,1715.177,232.807,295.569,274.092,147.81
2015,Chile,2154.992,1117.536,225.015,140.06,121.043,153.272
2016,Chile,2419.212,1271.139,221.785,145.914,127.959,346.548
2017,Chile,2460.211,1272.041,235.913,145.027,131.624,305.66
2018,Chile,2140.698,1063.143,200.891,107.361,100.368,272.003
2019,Chile,2122.648,1062.5,225.225,100.879,97.607,120.563
2010,Colombia,1790.256,606.23,349.149,221.235,190.78,501.807
2011,Colombia,1796.69,578.892,352.516,220.011,191.255,400.678
2012,Colombia,1803.178,647.896,361.134,222.554,189.892,476.999
2013,Colombia,1786.468,655.056,373.105,220.285,186.235,505.834
2014,Colombia,1806.263,668.092,378.01,221.403,187.307,536.55
2015,Colombia,1775.668,669.233,387.258,215.319,180.639,530.838
2016,Colombia,1787.178,680.221,392.308,213.617,178.563,536.511
2017,Colombia,1775.482,675.437,375.216,210.125,175.467,416.417
2018,Colombia,1806.238,686.587,386.747,214.199,179.869,480.552
1990,Costa Rica,176.964,31.663,24.572,,,
1991,Costa Rica,136.557,33.508,23.533,,,
1992,Costa Rica,252.769,36.804,29.934,,,
1993,Costa Rica,216.848,41.422,30.132,,,
1994,Costa Rica,253.309,47.726,33.391,,,
1995,Costa Rica,208.608,51.368,33.042,,,
1996,Costa Rica,302.486,50.663,36.037,,,
1997,Costa Rica,323.599,52.82,37.704,,,
1998,Costa Rica,308.074,60.458,39.945,,,
1999,Costa Rica,268.02,68.796,40.482,,,
2000,Costa Rica,284.436,72.627,40.894,,,
2001,Costa Rica,323.148,70.157,42.452,,,
2002,Costa Rica,355.824,72.874,44.38,,,
2003,Costa Rica,299.198,79.489,43.542,,,
2004,Costa Rica,361.577,81.435,46.341,,,
2005,Costa Rica,303.005,69.717,45.503,,,
2006,Costa Rica,313.588,73.466,48.112,,,
2007,Costa Rica,452.691,97.062,51.808,,,
2008,Costa Rica,338.995,83.194,52.987,,,
2009,Costa Rica,323.915,89.913,52.052,,,
2010,Costa Rica,390.929,84.017,54.781,,,
2011,Costa Rica,355.256,84.038,54.783,,,
2012,Costa Rica,483.727,92.215,60.085,,,
2013,Costa Rica,558.168,93.785,62.262,,,
2014,Costa Rica,406.229,96.497,58.773,,,
2015,Costa Rica,534.756,106.889,63.517,,,
2016,Costa Rica,563.334,108.954,67.555,,,
2017,Costa Rica,474.884,119.128,66.267,,,
1990,Croatia,563.313,171.744,105.63,59.664,40.352,170.543
1991,Croatia,497.961,137.193,80.112,59.557,42.565,99.516
1992,Croatia,409.478,104.413,75.396,49.788,36.614,104.574
1993,Croatia,434.272,101.906,75.308,52.562,38.186,111.964
1994,Croatia,427.922,99.069,77.306,52.8,35.727,99.511
1995,Croatia,451.963,119.595,78.802,55.223,37.83,77.251
1996,Croatia,481.162,122.178,84.013,60.217,41.682,61.63
1997,Croatia,463.72,109.458,86.549,59.199,40.334,76.975
1998,Croatia,474.18,108.405,89.204,57.831,40.387,95.428
1999,Croatia,478.605,106.609,92.481,54.124,39.331,95.346
2000,Croatia,474.22,104.34,87.92,47.692,35.87,60.343
2001,Croatia,454.71,102.006,87.847,49.73,38.625,59.03
2002,Croatia,434.498,104.528,90.664,53.108,38.398,63.088
2003,Croatia,454.261,108.254,89.972,60.567,43.67,63.736
2004,Croatia,434.871,112.797,88.058,57.831,42.224,52.18
2005,Croatia,427.658,113.536,85.967,57.133,43.639,58.667
2006,Croatia,410.963,113.688,85.556,53.793,40.129,54.564
2007,Croatia,396.474,109.58,87.991,53.058,38.284,59.811
2008,Croatia,351.391,108.125,84.546,54.548,37.702,53.581
2009,Croatia,346.123,93.908,77.17,51.905,37.444,56.229
2010,Croatia,335.336,90.871,69.333,52.541,38.461,35.052
2011,Croatia,310.342,85.77,65.736,48.256,36.169,28.988
2012,Croatia,292.808,80.164,57.914,48.222,35.029,24.354
2013,Croatia,282.213,75.099,57.085,48.58,34.095,17.003
2014,Croatia,248.66,68.994,53.484,44.778,29.832,13.696
2015,Croatia,269.358,70.069,54.19,40.443,31.973,15.565
2016,Croatia,260.055,71.612,54.193,43.637,31.033,14.588
2017,Croatia,254.16,68.81,54.647,38.093,29.434,12.471
2018,Croatia,231.902,69.155,49.398,42.44,28.525,9.962
2019,Croatia,218.245,73.81,48.244,34.72,27.018,7.537
1990,Cyprus,44.707,13.871,17.567,,,31.892
1991,Cyprus,43.304,13.483,17.353,,,32.758
1992,Cyprus,42.268,13.686,19.547,,,37.587
1993,Cyprus,40.383,13.646,20.057,,,39.881
1994,Cyprus,40.695,14.119,20.652,,,41.828
1995,Cyprus,38.967,14.363,20.5,,,39.602
1996,Cyprus,37.627,14.275,20.68,,,41.606
1997,Cyprus,36.097,14.253,21.086,,,43.954
1998,Cyprus,34.029,13.882,21.491,,,47.316
1999,Cyprus,32.181,14.4,21.747,,,49.551
2000,Cyprus,29.532,13.908,21.987,4.542,2.465,47.575
2001,Cyprus,28.168,13.658,22.003,4.089,2.203,45.228
2002,Cyprus,26.589,14.332,21.671,4.045,2.127,45.4
2003,Cyprus,26.053,15.254,21.937,4.032,2.139,46.974
2004,Cyprus,24.811,15.558,21.752,4.041,2.142,40.299
2005,Cyprus,23.499,16.128,21.519,3.879,2.075,37.822
2006,Cyprus,21.404,15.873,21.101,3.692,1.95,31.299
2007,Cyprus,17.893,16.076,20.688,3.587,1.863,29.159
2008,Cyprus,15.651,14.783,19.276,3.552,1.838,22.219
2009,Cyprus,14.28,13.614,19.467,3.097,1.624,17.576
2010,Cyprus,13.606,13.3,18.105,2.979,1.543,21.75
2011,Cyprus,12.488,9.42,20.919,2.678,1.382,20.747
2012,Cyprus,12.242,9.208,20.376,1.996,1.062,16.032
2013,Cyprus,11.347,8.073,14.872,1.608,0.908,13.479
2014,Cyprus,11.598,7.882,15.557,1.46,0.837,16.647
2015,Cyprus,11.163,8.076,13.288,1.516,0.877,12.826
2016,Cyprus,11.489,8.798,13.021,1.677,0.961,16.053
2017,Cyprus,11.331,9.335,12.906,1.739,0.956,16.256
2018,Cyprus,10.724,8.435,12.534,1.781,0.946,16.918
2019,Cyprus,10.644,8.321,13.714,1.912,0.991,15.847
1990,Czechia,2036.201,554.381,760.029,433.075,298.97,1753.791
1991,Czechia,1938.657,496.439,720.863,347.67,234.224,1649.726
1992,Czechia,1901.104,470.74,677.001,284.006,192.296,1381.38
1993,Czechia,1691.861,438.743,551.327,257.299,174.801,1302.399
1994,Czechia,1621.032,419.772,458.492,199.715,136.778,1158.947
1995,Czechia,1545.207,385.617,390.647,167.865,120.872,1058.8
1996,Czechia,1600.126,384.762,373.117,167.401,121.515,914.307
1997,Czechia,1478.332,366.941,345.222,131.285,95.928,694.34
1998,Czechia,1271.174,341.925,327.389,97.55,70.38,425.272
1999,Czechia,1143.797,327.956,302.862,72.761,52.055,231.855
2000,Czechia,1103.569,318.353,311.034,70.303,50.204,233.676
2001,Czechia,1069.08,306.344,308.404,69.803,50.884,228.657
2002,Czechia,1023.559,295.717,301.386,65.161,47.523,223.351
2003,Czechia,1042.097,292.133,304.474,64.758,47.604,218.339
2004,Czechia,1026.892,282.268,304.236,64.752,47.265,215.043
2005,Czechia,944.12,274.603,300.964,61.058,43.703,208.43
2006,Czechia,932.349,273.013,292.783,61.512,44.149,206.721
2007,Czechia,929.977,265.903,291.23,60.501,42.534,212.027
2008,Czechia,873.085,260.525,273.857,58.175,41.137,170.062
2009,Czechia,890.505,257.861,256.966,57.725,42.115,168.734
2010,Czechia,926.809,255.416,254.283,60.064,45.165,163.847
2011,Czechia,890.161,243.387,240.764,58.437,43.496,167.475
2012,Czechia,878.451,237.717,229.061,58.394,43.705,160.172
2013,Czechia,889.968,236.012,216.638,58.36,44.143,145.223
2014,Czechia,858.582,231.545,211.319,55.849,41.551,134.461
2015,Czechia,792,214.725,205.903,44.471,30.821,129.345
2016,Czechia,793.941,211.538,196.638,42.936,29.682,115.107
2017,Czechia,790.59,210.081,193.217,43.416,30.021,109.936
2018,Czechia,793.089,209.527,185.875,42.112,28.681,96.555
2019,Czechia,779.987,202.414,173.046,40.562,27.31,79.894
1990,Denmark,715.782,212.293,293.626,35.122,23.054,177.954
1991,Denmark,747.56,220.592,343.353,36.52,24.514,238.622
1992,Denmark,730.044,220.546,299.542,35.253,23.898,184.084
1993,Denmark,717.41,212.375,298.444,35.135,24.185,149.144
1994,Denmark,677,213.938,300.615,34.639,23.535,151.422
1995,Denmark,641.645,209.964,281.722,34.935,23.282,145.16
1996,Denmark,624.272,211.731,315.363,34.529,23.185,176.091
1997,Denmark,575.28,199.721,268.405,33.786,22.296,104.149
1998,Denmark,539.087,190.473,248.392,31.81,20.297,80.501
1999,Denmark,490.536,183.183,229.743,31.287,19.794,59.535
2000,Denmark,471.302,180.783,216.886,32.495,20.367,32.488
2001,Denmark,461.835,171.556,213.999,32.136,20.422,29.854
2002,Denmark,437.481,166.277,211.504,31.451,19.894,28.431
2003,Denmark,439.847,162.615,220.783,31.36,20.796,35.295
2004,Denmark,422.436,158.208,205.459,31.94,20.63,28.762
2005,Denmark,422.532,153.5,197.497,32.638,21.07,26.357
2006,Denmark,408.721,149.195,197.49,32.927,21.552,30.611
2007,Denmark,414.226,146.909,184.188,34.732,23.729,28.269
2008,Denmark,392.61,143.594,168.196,39.059,23.015,21.236
2009,Denmark,356.948,133.773,149.339,31.901,20.804,15.59
2010,Denmark,346.717,130.932,143.789,32.536,20.898,15.477
2011,Denmark,306.583,124.819,135.672,30.038,18.954,14.07
2012,Denmark,288.99,119.732,125.509,28.826,17.908,12.629
2013,Denmark,275.543,120.876,120.838,28.516,17.685,12.716
2014,Denmark,251.823,112.438,111.554,27.993,16.28,10.64
2015,Denmark,255.969,114.697,107.789,26.891,16.846,9.574
2016,Denmark,246.656,110.431,107.917,26.588,16.739,9.954
2017,Denmark,236.414,108.568,105.722,26.426,15.583,10.205
2018,Denmark,219.737,107.718,99.985,25.655,14.284,10.506
2019,Denmark,204.349,102.706,95.173,23.339,12.794,9.269
1990,Estonia,246.176,64.049,74.56,,,278.241
1991,Estonia,235.722,61.226,66.59,,,252.161
1992,Estonia,144.548,41.743,45.021,,,192.703
1993,Estonia,137.322,33.358,40.621,,,156.22
1994,Estonia,167.841,35.98,45.172,,,151.426
1995,Estonia,214.71,40.014,47.506,,,116.541
1996,Estonia,251.124,41.419,52.09,,,125.279
1997,Estonia,249.099,42.496,51.72,,,118.336
1998,Estonia,215.392,38.934,49.563,,,106.658
1999,Estonia,196.91,35.798,45.118,,,99.383
2000,Estonia,181.183,35.174,44.401,27.398,10.814,97.032
2001,Estonia,192.26,35.457,48.591,26.778,10.696,90.63
2002,Estonia,175.759,33.906,47.886,22.885,11.096,85.642
2003,Estonia,177.072,32.825,48.754,20.797,9.946,99.622
2004,Estonia,158.992,32.777,45.226,19.709,9.229,88.505
2005,Estonia,142.019,31.266,42.064,17.906,8.495,76.539
2006,Estonia,131.499,30.163,40.285,15.434,7.808,69.865
2007,Estonia,150.663,27.931,44.791,23.622,11.401,87.967
2008,Estonia,147.35,25.938,42.094,16.334,7.52,69.361
2009,Estonia,148.805,23.626,36.169,14.84,7.257,54.688
2010,Estonia,146.807,22.359,41.99,22.135,10.81,83.21
2011,Estonia,123.102,22.627,40.356,34.719,16.015,72.539
2012,Estonia,136.64,22.993,37.397,16.867,7.65,42.641
2013,Estonia,126.207,22.01,36.535,20.832,9.536,41.648
2014,Estonia,120.982,21.715,34.73,17.626,8.234,44.078
2015,Estonia,116.223,21.55,30.554,14.569,6.651,36.166
2016,Estonia,123.874,21.756,31.066,12.814,5.983,35.148
2017,Estonia,125.91,22.598,31.554,13.534,6.224,38.958
2018,Estonia,123.136,22.209,30.434,13.527,5.872,30.926
2019,Estonia,122.311,22.58,25.413,11.78,5.076,18.921
1990,Finland,725.495,232.449,298.3,73.966,47.147,250.333
1991,Finland,702.33,222.546,290.032,66.702,42.547,202.222
1992,Finland,688.524,216.823,282.214,60.595,38.762,157.81
1993,Finland,669.925,210.815,286.435,56.365,35.412,138.121
1994,Finland,650.929,209.278,287.001,55.696,34.832,123.66
1995,Finland,642.116,203.147,265.836,50.995,31.835,104.97
1996,Finland,638.868,196.567,270.294,49.609,31.036,110.449
1997,Finland,631.721,196.845,264.67,49.122,30.42,101.638
1998,Finland,621.031,192.754,250.694,45.288,28.147,93.75
1999,Finland,602.532,185.079,245.984,45.664,28.351,91.39
2000,Finland,570.768,177.215,234.847,42.506,25.911,81.031
2001,Finland,576.097,176.199,238.069,43.627,26.712,90.364
2002,Finland,559.813,168.233,234.552,44.06,26.852,91.173
2003,Finland,542.121,163.365,242.679,45.035,27.144,102.508
2004,Finland,525.184,158.181,229.071,43.83,26.564,84.622
2005,Finland,503.977,147.371,200.402,42.174,25.885,69.244
2006,Finland,482.683,141.468,216.214,43.017,25.575,84.078
2007,Finland,470.334,137.853,204.891,40.847,24.405,82.85
2008,Finland,439.071,121.968,187.593,38.411,22.662,67.737
2009,Finland,419.471,112.725,170.628,37.131,21.872,59.597
2010,Finland,434.234,113.26,179.376,38.382,23.143,67.147
2011,Finland,393.223,105.265,163.635,35.593,20.452,60.455
2012,Finland,391.745,101.416,154.705,34.254,20.175,51.065
2013,Finland,377.216,97.398,151.179,34.132,19.5,48.494
2014,Finland,372.669,95.285,143.276,33.62,19.191,43.47
2015,Finland,356.166,90.17,132.151,31.082,17.4,42.139
2016,Finland,364.268,89.946,127.585,32.001,18.039,39.913
2017,Finland,354.768,87.675,123.563,30.578,17.453,35.567
2018,Finland,347.209,85.95,119.361,30.699,17.418,32.855
2019,Finland,339.249,84.689,112.632,29.61,16.206,29.121
1990,France,10705.78,2926.286,2177.811,588.305,467.581,1286.42
1991,France,11038.19,2950.997,2222.346,642.093,519.326,1377.698
1992,France,10419.13,2882.627,2206.857,618.849,501.148,1228.224
1993,France,9865.177,2752.276,2094.598,593.012,484.122,1068.548
1994,France,9159.877,2595.277,2014.608,550.167,441.501,994.905
1995,France,9022.222,2516.817,1976.694,551.836,443.128,937.98
1996,France,8562.793,2465.939,1951.235,573.944,462.545,924.054
1997,France,7988.561,2358.677,1884.248,533.438,422.981,781.156
1998,France,7731.054,2310.591,1908.037,528.086,420.248,813.009
1999,France,7301.869,2236.368,1869.553,508.78,401.297,715.28
2000,France,6704.564,2148.388,1809.427,480.493,375.735,615.661
2001,France,6372.646,2080.269,1769.611,475.619,372.95,559.647
2002,France,6207.438,1964.236,1725.582,451.88,351.841,515.756
2003,France,6005.489,1939.826,1675.463,463.137,361.589,497.337
2004,France,6136.388,1847.027,1628.857,454.14,353.008,475.622
2005,France,5681.529,1782.416,1579.497,430.719,334.783,457.07
2006,France,5125.684,1694.403,1490.653,401.824,308.303,424.228
2007,France,4874.765,1571.99,1421.191,380.546,289.863,403.157
2008,France,4711.003,1513.244,1343.447,377.72,289.121,345.926
2009,France,4271.989,1430.752,1273.157,363.191,279.456,292.012
2010,France,4701.286,1464.668,1228.872,378.716,293.344,268.895
2011,France,3854.543,1351.221,1171.657,327.196,242.601,218.733
2012,France,3588.286,1303.194,1144.955,339.921,255.344,215.874
2013,France,3650.076,1294.96,1125.975,342.955,259.447,198.908
2014,France,3049.496,1239.133,1049.952,297.363,217.102,156.729
2015,France,3029.721,1210.209,1027.173,300.865,219.449,149.341
2016,France,3098.792,1202.866,978.139,304.729,223.218,130.452
2017,France,3019.519,1202.578,947.862,295.908,212.004,126.11
2018,France,2873.289,1164.071,893.116,281.923,199.658,120.454
2019,France,2813.378,1128.22,840.294,277.628,195.065,97.113
1990,Georgia,139.568,54.47,70.39,22.959,19.878,105.767
1991,Georgia,133.479,53.946,53.109,20.738,18.205,71.675
1992,Georgia,152.928,50.752,41.978,25.63,23.356,45.377
1993,Georgia,204.691,55.827,35.515,35.603,33.364,32.342
1994,Georgia,60.73,31.64,25.101,10.227,8.677,28.312
1995,Georgia,124.26,38.755,25.677,24.243,22.747,31.893
1996,Georgia,217.592,52.367,24.875,32.077,29.872,10.846
1997,Georgia,173.151,45.272,21.47,26.416,24.213,8.518
1998,Georgia,144.476,39.302,17.757,24.175,22.123,8.045
1999,Georgia,134.899,38.429,18.393,22.946,20.938,6.596
2000,Georgia,123.153,36.832,16.893,21.969,19.961,5.209
2001,Georgia,130.433,37.267,12.929,21.715,19.606,1.704
2002,Georgia,131.175,37.586,14.757,21.885,19.638,1.67
2003,Georgia,131.807,38.241,15.349,22,19.717,1.756
2004,Georgia,129.44,38.48,14.936,21.969,19.891,1.885
2005,Georgia,85.494,32.395,18.723,12.768,10.891,2.027
2006,Georgia,89.753,31.754,20.077,13.295,11.691,1.396
2007,Georgia,101.502,33.25,22.334,14.232,12.388,1.87
2008,Georgia,93.889,31.8,19.436,13.611,11.849,2.127
2009,Georgia,91.621,34.532,23.759,13.705,11.834,2.699
2010,Georgia,89.074,34.578,25.407,13.17,11.271,1.748
2011,Georgia,87.626,36.041,26.156,11.995,9.985,2.307
2012,Georgia,90.542,37.408,28.111,12.311,10.001,2.696
2013,Georgia,125.025,41.919,30.705,19.357,16.821,5.498
2014,Georgia,137.387,43.297,47.23,18.734,16.34,5.226
2015,Georgia,130.515,41.582,48.558,17.242,14.435,4.985
2016,Georgia,140.035,43.255,48.554,17.018,14.159,5.41
2017,Georgia,132.666,42.054,46.971,16.289,13.785,5.888
2018,Georgia,113.75,40.116,53.302,13.402,10.952,5.564
2019,Georgia,110.035,39.603,47.699,12.766,10.173,5.039
1990,Germany,13315.67,3948.131,2839.603,,,5463.862
1991,Germany,11044.33,3425.858,2612.272,,,3963.728
1992,Germany,9524.642,3103.577,2461.24,,,3236.604
1993,Germany,8615.654,2914.953,2356.074,,,2901.588
1994,Germany,7581.863,2493.371,2224.3,,,2415.884
1995,Germany,7213.305,2362.327,2163.694,346.899,201.5,1742.31
1996,Germany,6641.271,2262.408,2080.409,330.283,189.352,1475.53
1997,Germany,6394.256,2205.019,2005.166,335.51,188.746,1225.295
1998,Germany,5880.589,2145.971,1975.298,323.373,178.549,977.444
1999,Germany,5463.716,1981.58,1938.526,317.467,173.74,797.604
2000,Germany,5125.351,1813.525,1859.986,302.883,165.237,642.489
2001,Germany,4926.652,1717.407,1804.104,287.899,159.176,621.691
2002,Germany,4625.758,1624.662,1744.612,280.464,152.636,558.612
2003,Germany,4295.041,1542.342,1701.866,266.554,146.273,531.198
2004,Germany,4079.729,1537.884,1657.413,258.8,141.195,491.346
2005,Germany,3848.202,1489.697,1609.133,248.703,135.151,472.676
2006,Germany,3816.644,1485.809,1623.442,247.414,134.143,473.792
2007,Germany,3776.277,1423.014,1577.119,237.858,128.571,456.469
2008,Germany,3752.833,1359.989,1521.434,234.557,124.789,450.336
2009,Germany,3211.839,1246.493,1430.809,217.459,113.564,392.623
2010,Germany,3523.6,1362.764,1449.99,228.299,119.285,402.964
2011,Germany,3442.696,1273.317,1429.196,227.557,114.614,387.107
2012,Germany,3192.622,1256.867,1424.369,224.282,113.034,368.538
2013,Germany,3156.171,1211.966,1427.412,225.769,111.343,356.831
2014,Germany,2987.929,1172.781,1384.176,217.655,103.524,335.47
2015,Germany,3088.641,1145.944,1358.586,215.755,102.78,333.941
2016,Germany,2963.119,1138.772,1324.011,200.976,97.001,309.553
2017,Germany,2970.704,1142.505,1267.944,203.614,95.801,300.998
2018,Germany,2852.884,1095.102,1180.427,209.265,94.874,289.663
2019,Germany,2747.672,1065.634,1095.939,195.817,90.142,259.942
1990,Greece,1237.939,321.008,408.353,85.19,60.809,511.788
1991,Greece,1216.082,322.256,407.997,84.903,61.005,506.415
1992,Greece,1161.844,316.809,415.28,86.603,61.756,521.824
1993,Greece,1166.99,317.213,406.7,86.358,61.655,512.419
1994,Greece,1149.14,318.829,414.357,88.443,62.886,529.485
1995,Greece,1059.908,307.243,401.206,86.966,61.909,521.838
1996,Greece,1062.415,313.307,408.455,90.66,65.782,519.04
1997,Greece,1060.644,311.32,422.837,93.076,66.973,553.045
1998,Greece,1064.969,318.179,449.753,95.755,68.749,581.55
1999,Greece,1060.723,318.919,443.477,97.866,71.002,567.528
2000,Greece,1004.907,313.229,429.542,127.066,66.131,558.124
2001,Greece,1009.125,310.898,455.297,132.666,70.236,573.736
2002,Greece,961.443,323.505,450.497,132.658,68.654,557.184
2003,Greece,926.692,334.986,460.174,127.915,68.062,565.886
2004,Greece,911.859,344.797,463.62,132.11,68.676,568.323
2005,Greece,863.373,338.037,481.764,123.333,67.862,585.315
2006,Greece,880.629,314.931,481.637,125.992,67.197,544.378
2007,Greece,823.686,291.499,480.184,122.239,67.079,528.574
2008,Greece,753.841,264.204,453.729,128.906,63.51,455.625
2009,Greece,690.408,252.776,433.665,118.16,61.007,400.074
2010,Greece,611.361,218.993,362.583,88.901,47.077,233.423
2011,Greece,592,204.369,324.831,76.65,46.804,159.519
2012,Greece,636.058,196.11,284.459,74.571,48.333,142.607
2013,Greece,546.191,179.185,272.524,70.372,43.523,121.692
2014,Greece,555.234,175.732,267.882,74.245,44.452,104.414
2015,Greece,532.334,168.664,261.616,67.84,41.887,101.586
2016,Greece,475.951,160.312,260.771,67.293,38.902,80.543
2017,Greece,489.102,154.488,266.128,64.945,39.298,90.247
2018,Greece,465.945,149.259,257.032,58.755,36.994,86.079
2019,Greece,459.223,148.766,247.979,58.419,36.102,80.326
1990,Hungary,1450.802,310.6,246.272,0,0,829.268
1991,Hungary,1335.026,273.364,216.188,0,0,832.105
1992,Hungary,1057.548,244.839,194.382,0,0,714.952
1993,Hungary,1123.844,232.452,193.901,0,0,719.409
1994,Hungary,1011.02,218.284,192.842,0,0,629.171
1995,Hungary,981.38,213.244,190.993,0,0,613.432
1996,Hungary,954.57,205.136,194.096,0,0,611.567
1997,Hungary,902.401,195.825,196.387,0,0,625.148
1998,Hungary,835.274,188.974,196.689,0,0,565.247
1999,Hungary,820.431,187.891,200.556,0,0,557.233
2000,Hungary,856.415,190.963,188.482,71.669,48.279,427.276
2001,Hungary,864.383,190.375,188.464,77.458,51.74,346.394
2002,Hungary,715.534,177.048,181.026,60.524,37.772,272.39
2003,Hungary,841.118,181.433,184.826,72.161,46.368,246.089
2004,Hungary,772.893,176.506,182.509,74.011,42.923,151.199
2005,Hungary,697.167,173.507,178.947,71.444,40.425,42.722
2006,Hungary,606.197,160.08,171.606,63.143,40.652,38.922
2007,Hungary,564.847,145.824,167.675,61.05,40.515,36.082
2008,Hungary,502.397,136.783,161.798,63.92,36.595,35.667
2009,Hungary,544.723,135.477,150.709,75.052,46.784,29.623
2010,Hungary,551.651,130.294,147.601,71.464,50.084,30.341
2011,Hungary,561.86,133.688,138.097,74.651,56.092,34.167
2012,Hungary,577.55,134.371,131.367,73.203,58.462,30.39
2013,Hungary,558.916,131.278,127.538,76.256,57.982,29.173
2014,Hungary,478.013,122.212,125.749,70.845,48.971,25.769
2015,Hungary,464.215,126.224,127.923,71.629,50.976,23.754
2016,Hungary,449.952,124.395,120.216,69.219,49.493,22.965
2017,Hungary,439.574,123.789,121.395,64.891,47.228,27.556
2018,Hungary,378.063,116.837,120.405,59.912,40.9,22.884
2019,Hungary,358.913,117.58,114.793,57.634,38.287,17.412
1990,Iceland,68.858,9.759,28.757,3.01,1.435,23.195
1991,Iceland,67.544,9.772,27.508,2.752,1.435,22.356
1992,Iceland,65.443,9.788,29.666,2.798,1.482,24.601
1993,Iceland,62.441,9.629,31.198,2.945,1.545,24.304
1994,Iceland,60.516,9.514,30.512,3.136,1.541,22.84
1995,Iceland,60.301,9.322,32.119,3.45,1.625,21.959
1996,Iceland,58.787,9.242,32.6,3.197,1.549,23.915
1997,Iceland,58.365,9.113,32.382,3.191,1.572,23.586
1998,Iceland,63.874,9.079,31.274,3.327,1.579,23.27
1999,Iceland,66.999,8.715,31.132,3.218,1.482,30.251
2000,Iceland,63.53,8.418,30.645,3.28,1.544,35.38
2001,Iceland,61.943,7.917,27.379,3.455,1.586,39.032
2002,Iceland,61.297,7.652,29.414,3.168,1.502,41.247
2003,Iceland,59.889,7.375,28.879,4.172,1.66,37.991
2004,Iceland,60.245,7.425,29.806,3.351,1.624,33.048
2005,Iceland,60.074,7.223,26.513,2.919,1.521,40.355
2006,Iceland,66.358,7.222,26.062,3.13,1.799,39.912
2007,Iceland,78.283,7.04,28.226,3.506,2.018,58.583
2008,Iceland,117.265,6.681,26.06,4.022,2.03,74.504
2009,Iceland,118.334,6.188,25.88,4.029,1.91,69.261
2010,Iceland,116.554,5.702,24.222,4.104,1.792,74.2
2011,Iceland,113.736,5.539,21.904,2.868,1.48,82.034
2012,Iceland,114.668,5.399,21.776,2.522,1.548,84.914
2013,Iceland,116.034,5.339,21.016,2.56,1.484,70.076
2014,Iceland,115.041,5.391,20.894,2.387,1.452,63.602
2015,Iceland,117.874,5.663,21.736,2.234,1.43,58.34
2016,Iceland,116.916,5.788,19.679,2.531,1.284,49.29
2017,Iceland,120.467,5.745,19.904,2.407,1.249,47.454
2018,Iceland,120.08,5.784,20.211,2.255,1.307,52.461
2019,Iceland,115.417,5.624,19.118,2.251,1.213,55.977
1990,Ireland,559.642,154.359,167.846,44.797,28.549,183.016
1991,Ireland,547.898,154.745,170.409,44.551,28.403,183.215
1992,Ireland,499.548,149.867,179.144,41.343,25.039,170.997
1993,Ireland,478.15,147.176,171.728,40.698,24.687,162.025
1994,Ireland,438.627,143.808,171.536,38.587,22.766,177.172
1995,Ireland,417.667,141.796,170.019,36.747,21.459,163.249
1996,Ireland,413.995,142.295,173.613,38.42,21.964,150.142
1997,Ireland,375.133,138.875,168.18,37.922,20.384,169.026
1998,Ireland,385.338,141.155,177.433,39.812,21.729,179.835
1999,Ireland,334.549,131.384,178.397,37.605,18.939,161.104
2000,Ireland,322.973,124.34,179.915,39.132,19.333,144.235
2001,Ireland,311.941,124.149,178.981,40.297,19.188,142.281
2002,Ireland,299.418,124.063,171.675,39.362,18.475,106.661
2003,Ireland,285.204,122.368,170.682,40.803,18.293,82.645
2004,Ireland,279.831,121.682,172.706,41.71,18.474,73.267
2005,Ireland,282.216,122.866,174.091,42.616,19.106,72.786
2006,Ireland,264.249,122.986,169.454,43.036,18.654,60.72
2007,Ireland,248.939,122.289,165.425,42.584,18.133,54.918
2008,Ireland,246.039,119.016,150.577,40.573,17.806,45.562
2009,Ireland,232.021,116.877,126.186,38.806,16.927,32.591
2010,Ireland,215.236,113.529,119.385,36.101,16.033,26.614
2011,Ireland,197.042,110.199,107.29,29.508,14.184,24.562
2012,Ireland,191.098,111.467,109.103,29.979,14.099,23.268
2013,Ireland,190.181,113.332,110.717,30.243,14.47,23.276
2014,Ireland,176.474,110.282,109.481,29.654,13.931,17.258
2015,Ireland,177.303,111.614,112.232,30.58,14.428,15.827
2016,Ireland,173.848,113.395,112.256,30.895,14.383,15.185
2017,Ireland,147.935,116.824,109.787,30.801,13.167,14.432
2018,Ireland,143.548,117.101,110.867,30.675,13.55,13.583
2019,Ireland,124.402,116.795,102.732,30.449,12.577,10.781
1996,Israel,478.174,247.421,219.898,,,281.137
2000,Israel,376.117,239.201,236.673,,,271.619
2003,Israel,283.996,247.084,206.558,,,235.533
2004,Israel,263.432,228.786,195.429,,,219.282
2005,Israel,257.124,233.054,196.438,,,197.992
2006,Israel,236.996,237.923,191.215,,,182.1
2007,Israel,225.521,248.435,192.304,,,178.182
2008,Israel,212.825,244.959,183.693,,,168.297
2009,Israel,198.01,262.896,167.427,,,154.242
2010,Israel,185.55,267.843,163.3,,,145.375
2011,Israel,167.698,271.537,158.143,,,153.185
2012,Israel,142.924,269.185,177.811,,,135.038
2013,Israel,137.558,,144.965,,,108.84
2014,Israel,134.871,,125.068,,,92.471
2015,Israel,135.962,,117.557,,,90.742
2016,Israel,135.058,,101.908,,,74.608
2017,Israel,137.356,,96.216,,,56.97
2018,Israel,137.061,,92.24,,,45.856
2019,Israel,139.237,,85.625,,,34.291
1990,Italy,6792.763,1981.36,2122.448,343.774,238.024,1783.314
1991,Italy,7172.674,2052.371,2189.396,538.268,265.307,1672.091
1992,Italy,7275.447,2124.04,2228.061,339.235,238.658,1573.696
1993,Italy,7443.727,2120.61,2124.758,330.912,239.225,1471.238
1994,Italy,7030.856,2071.605,2024.586,333.9,235.516,1388.985
1995,Italy,7064.49,2050.453,1986.052,343.631,236.613,1322.151
1996,Italy,6774.105,2000.317,1912.641,325.16,225.38,1213.334
1997,Italy,6338.466,1954.607,1834.683,309.254,222.053,1137.766
1998,Italy,5902.919,1867.561,1720.776,325.721,223.125,1003.645
1999,Italy,5460.059,1800.771,1624.668,313.102,219.421,903.051
2000,Italy,4724.349,1624.579,1502.606,293.297,204.903,756.163
2001,Italy,4419.242,1561.025,1472.912,289.685,197.011,704.473
2002,Italy,3822.389,1465.982,1415.953,401.614,181.387,623.216
2003,Italy,3896.758,1446.065,1395.203,270.333,184.872,525.559
2004,Italy,3356.847,1343.012,1345.931,278.568,165.307,488.943
2005,Italy,3434.188,1334.427,1286.766,290.448,186.163,410.752
2006,Italy,3292.968,1299.256,1235.586,263.106,188.813,388.752
2007,Italy,3349.815,1281.353,1168.597,363.012,221.081,347.556
2008,Italy,3482.771,1259.364,1052.03,314.947,228.167,293.422
2009,Italy,3086.94,1179.043,965.926,307.905,213.433,243.002
2010,Italy,3051.258,1112.45,938.316,341.284,213.017,223.979
2011,Italy,2411.651,1021.333,900.19,311.777,168.168,201.608
2012,Italy,2678.874,1028.769,852.925,241.31,185.355,180.678
2013,Italy,2485.358,994.108,782.848,240.831,179.677,149.751
2014,Italy,2245.398,923.434,760.664,214.658,161.291,133.771
2015,Italy,2256.2,898.916,723.784,247.785,169.102,127.181
2016,Italy,2187.537,886.464,711.107,226.547,162.462,122.331
2017,Italy,2258.769,930.348,669.174,236.541,169.918,118.922
2018,Italy,2057.98,907.529,672.443,261.789,156.117,113.07
2019,Italy,2075.951,903.278,656.061,214.479,150.673,111.153
1990,Japan,4370.822,2188.093,1961.356,,,1252.29
1991,Japan,4330.772,2145.502,2011.696,,,1243.431
1992,Japan,4183.935,2073.641,1984.613,,,1200.921
1993,Japan,4088.654,2013.799,1967.227,,,1155.707
1994,Japan,4099.647,2010.437,2005.325,,,1212.702
1995,Japan,4049.521,1983.613,2060.599,,,1203.099
1996,Japan,3973.425,1994.154,2056.481,,,1158.435
1997,Japan,3935.845,1926.941,2080.735,,,1193.526
1998,Japan,3770.381,1772.878,1984.402,,,1118.726
1999,Japan,3729.375,1762.061,2023.539,,,1135.82
2000,Japan,3764.296,1781.049,2036.18,,,1130.301
2001,Japan,3573.624,1612.544,2014.503,,,1123.461
2002,Japan,3445.619,1545.655,2062.558,,,1114.55
2003,Japan,3374.077,1485.633,2043.939,,,1087.87
2004,Japan,3276.984,1443.148,1980.619,,,1058.874
2005,Japan,2956.176,1396.609,1959.27,,,1011.739
2006,Japan,2961.798,1360.748,1886.73,,,973.393
2007,Japan,2954.229,1297.682,1804.077,,,930.988
2008,Japan,2758.705,1168.238,1670.885,,,864.451
2009,Japan,2662.686,1069.38,1580.616,,,806.346
2010,Japan,3295.911,1072.443,1585.699,,,776.115
2011,Japan,2726.44,1017.6,1525.538,,,732.472
2012,Japan,2806.612,981.523,1478.503,,,728.513
2013,Japan,2721.862,978.147,1420.514,,,719.911
2014,Japan,2621.556,945.492,1366.182,,,711.56
2015,Japan,2720.124,934.808,1310.871,,,672.004
2016,Japan,3206.156,941.073,1410.116,,,637.711
2017,Japan,3343.786,925.207,1326.668,,,598.222
2018,Japan,3242.349,909.649,1243.27,,,561.813
2019,Japan,3177.225,884.145,1162.399,,,523.325
1990,Kazakhstan,1689.634,447.856,994.019,86.71,14.818,1051.937
1991,Kazakhstan,451.603,293.446,562.747,84.049,13.624,804.957
1992,Kazakhstan,486.081,299.685,541.445,109.417,21.077,757.893
1993,Kazakhstan,392.864,270.612,470.529,101.077,18.576,682.937
1994,Kazakhstan,336.06,233.009,395.19,88.685,15.533,533.636
1995,Kazakhstan,938.408,261.162,479.252,80.079,14.494,632.124
1996,Kazakhstan,376.449,172.799,346.564,69.708,12.415,473.541
1997,Kazakhstan,355.96,149.62,321.91,60.691,11.253,435.477
1998,Kazakhstan,339.714,136.74,303.938,51.758,9.64,413.137
1999,Kazakhstan,321.34,136.475,251.94,44.104,9.061,319.03
2000,Kazakhstan,781.008,186.267,339.042,48.47,10.232,415.357
2001,Kazakhstan,393.816,149.651,304.597,47.23,9.618,350.668
2002,Kazakhstan,454.423,163.797,326.729,51.39,11.434,384.503
2003,Kazakhstan,477.497,171.656,360.091,51.98,11.915,406.213
2004,Kazakhstan,506.862,180.537,406.155,56.121,13.574,426.64
2005,Kazakhstan,899.547,227.812,488.145,53.292,12.168,547.588
2006,Kazakhstan,641.437,203.553,457.157,53.751,12.441,486.007
2007,Kazakhstan,729.938,255.004,470.886,54.569,12.964,473.314
2008,Kazakhstan,741.793,260.709,447.46,54.527,12.079,453.548
2009,Kazakhstan,742.913,264.165,468.134,49.44,11.885,461.553
2010,Kazakhstan,1441.469,344.785,586.287,166.912,22.825,606.296
2011,Kazakhstan,1289.362,323.104,585.973,134.872,20.125,652.695
2012,Kazakhstan,1477.997,357.624,614.452,167.999,24.211,658.765
2013,Kazakhstan,1378.291,358.54,620.297,103.268,17.348,635.636
2014,Kazakhstan,1768.883,399.185,664.598,96.028,16.92,686.921
2015,Kazakhstan,1847.463,408.323,653.962,145.483,21.773,676.8
2016,Kazakhstan,1725.954,399.53,663.66,205.661,27.735,648.388
2017,Kazakhstan,1851.948,421.665,701.236,232.014,30.45,672.76
2018,Kazakhstan,1817.004,423.66,735.375,198.506,28.552,680.572
2019,Kazakhstan,1799.956,779.19,680.123,503.759,284.205,1768.66
1999,Korea,885.179,641.105,1072.323,63.251,,484.716
2000,Korea,900.569,680.365,1122.844,61.719,,490.761
2001,Korea,845.076,708.255,1219.02,67.368,,487.734
2002,Korea,822.767,714.478,1242.265,65.1,,474.084
2003,Korea,805.414,732.357,1362.141,66.357,,469.145
2004,Korea,816.954,771.599,1377.526,62.491,,446.804
2005,Korea,788.917,730.488,1306.724,67.316,,408.462
2006,Korea,829.938,768.034,1274.969,64.795,,446.488
2007,Korea,801.992,844.349,1187.76,97.849,,402.525
2008,Korea,696.13,826.545,1044.925,110.477,,417.98
2009,Korea,810.246,817.317,1014.133,103.393,,387.727
2010,Korea,759.624,830.267,1061.051,116.52,,401.741
2011,Korea,710.284,846.987,1040.017,130.79,81.446,433.959
2012,Korea,697.054,883.788,1075.052,119.709,76.043,417.645
2013,Korea,689.817,885.695,1090.449,121.253,76.523,404.66
2014,Korea,587.995,877.606,1135.59,97.646,63.041,343.161
2015,Korea,714.939,960.87,1154.829,146.349,84.32,352.213
2016,Korea,718.277,973.415,1245.434,150.081,86.318,358.873
2017,Korea,740.078,996.448,1186.898,134.854,77.644,315.453
2018,Korea,733.444,984.86,1150.411,147.361,84.206,300.904
2019,Korea,679.15,970.601,1084.023,129.332,73.844,272.783
2016,Kyrgyzstan,531.174,96.41,62.296,26.85,23.903,57.077
2017,Kyrgyzstan,474.854,87.348,56.017,17.858,14.616,37.658
1990,Latvia,405.015,86.418,98.819,31.199,25.644,100.447
1991,Latvia,369.371,82.588,95.134,33.517,28.51,81.678
1992,Latvia,327.201,74.396,77.608,30.659,26.134,69.797
1993,Latvia,328.191,68.367,67.957,31.759,27.416,65.74
1994,Latvia,310.47,63.994,57.944,30.658,26.717,66.708
1995,Latvia,291.718,62.909,52.95,32.627,28.404,49.389
1996,Latvia,293.428,63.085,52.613,34.045,29.58,55.674
1997,Latvia,275.052,59.858,50.075,33.603,28.931,43.965
1998,Latvia,260.092,57.27,46.356,33.71,28.952,39.844
1999,Latvia,257.17,54.961,44.782,33.604,29.028,32.216
2000,Latvia,239.897,53.398,43.3,31.694,27.11,17.759
2001,Latvia,247.328,56.1,46.643,32.81,28.106,14.314
2002,Latvia,239.886,55.118,45.422,32.568,27.721,13.011
2003,Latvia,240.779,54.571,47.153,34.23,29.018,11.359
2004,Latvia,234.254,53.985,46.651,42.746,30.26,9.296
2005,Latvia,211.744,50.35,46.233,35.743,27.296,8.745
2006,Latvia,213.854,49.879,47.389,35.486,26.716,8.402
2007,Latvia,198.363,49.315,47.559,36.465,26.025,8.132
2008,Latvia,184.405,44.308,43.231,35.369,25.112,6.586
2009,Latvia,191.676,43.282,40.419,34.507,26.742,6.627
2010,Latvia,153.212,40.034,41.638,28.748,20.849,4.32
2011,Latvia,155.257,40.428,38.982,31.183,21.184,4.277
2012,Latvia,155.321,39.922,39.228,31.18,21.486,4.42
2013,Latvia,137.485,38.482,38.499,28.702,19.609,3.91
2014,Latvia,130.297,38.498,38.145,28.403,19.105,3.873
2015,Latvia,106.967,35.729,37.481,27.227,16.463,3.565
2016,Latvia,104.706,34.389,35.693,25.851,16.512,3.432
2017,Latvia,112.147,35.068,36.003,26.861,18.268,3.595
2018,Latvia,115.94,40.243,36.964,27.691,18.953,3.836
2019,Latvia,111.789,36.12,35.226,27.997,18.494,3.679
1990,Lithuania,384.991,128.031,151.258,19.662,16.077,218.318
1991,Lithuania,434.467,132.192,158.586,20.846,17.026,243.981
1992,Lithuania,246.451,107.989,98.452,11.875,9.602,121.194
1993,Lithuania,226.487,95.389,72.874,10.694,8.806,112.905
1994,Lithuania,197.827,87.529,68.056,10.311,8.44,110.376
1995,Lithuania,219.329,88.075,74.075,9.642,7.909,86.035
1996,Lithuania,233.123,89.166,75.824,9.615,7.948,83.546
1997,Lithuania,230.93,88.034,81.528,9.71,8.059,75.139
1998,Lithuania,226.539,80.037,80.398,9.836,7.96,91.172
1999,Lithuania,201.098,71.335,73.015,9.829,7.992,68.126
2000,Lithuania,183.097,61.852,63.024,8.721,7.076,39.635
2001,Lithuania,179.609,58.314,62.779,8.704,7.103,42.378
2002,Lithuania,180.983,59.298,64.332,9.616,7.793,37.995
2003,Lithuania,174.908,58.996,61.491,9.444,7.659,24.953
2004,Lithuania,172.881,58.252,61.949,9.481,7.662,25.937
2005,Lithuania,174.524,59.342,63.475,26.734,9.338,27.729
2006,Lithuania,180.362,59.428,63.232,28.907,9.851,25.611
2007,Lithuania,179.273,57.28,64.23,24.747,9.334,22.434
2008,Lithuania,175.454,58.293,62.92,27.349,9.504,19.462
2009,Lithuania,165.033,53.14,53.907,24.648,8.795,19.38
2010,Lithuania,159.152,52.608,57.057,20.664,8.58,18.012
2011,Lithuania,152.467,50.443,55.983,25.844,8.995,19.389
2012,Lithuania,147.725,50.977,55.471,21.734,8.613,16.969
2013,Lithuania,138.93,50.059,52.807,25.697,8.998,14.856
2014,Lithuania,130.701,49.144,55.556,26.335,8.91,13.346
2015,Lithuania,124.522,50.174,57.351,30.113,9.194,15.31
2016,Lithuania,123.793,49.378,57.199,23.742,8.564,14.953
2017,Lithuania,121.996,51.744,55.496,23.239,8.613,13.361
2018,Lithuania,123.564,49.635,56.222,30.064,9.25,13.416
2019,Lithuania,116.356,49.221,54.698,26.538,7.719,11.966
1990,Luxembourg,469.031,28.018,40.597,16.829,16.082,16.345
1991,Luxembourg,457.167,29.312,46.392,16.299,15.613,16.738
1992,Luxembourg,419.081,27.465,46.518,15.454,14.46,16.138
1993,Luxembourg,430.344,25.03,44.265,16.279,15.515,17.043
1994,Luxembourg,365.498,22.762,40.721,14.41,13.312,15.504
1995,Luxembourg,212.718,21.064,34.71,8.691,8.011,9.222
1996,Luxembourg,195.469,20.161,34.802,8.843,7.614,8.697
1997,Luxembourg,134.249,18.96,34.936,5.93,5.227,5.885
1998,Luxembourg,59.651,17.7,34.218,3.062,2.381,3.229
1999,Luxembourg,58.73,17.138,37.209,3.086,2.454,3.223
2000,Luxembourg,46.24,16.213,40.828,3.038,2.451,3.549
2001,Luxembourg,49.14,15.963,42.828,3.236,2.611,4.21
2002,Luxembourg,45.241,15.94,43.204,3.221,2.424,3.186
2003,Luxembourg,42.351,14.624,45.657,3.661,2.618,2.888
2004,Luxembourg,43.049,16.055,54.348,3.275,2.61,2.599
2005,Luxembourg,39.226,15.278,56.17,3.212,2.539,2.549
2006,Luxembourg,37.125,13.542,50.724,3.076,2.418,2.945
2007,Luxembourg,38.508,12.325,45.675,2.761,2.109,2.375
2008,Luxembourg,33.202,13.549,42.333,2.681,2.022,1.747
2009,Luxembourg,29.827,12.393,37.802,2.62,1.904,1.726
2010,Luxembourg,29.08,11.706,38.737,2.498,1.853,1.671
2011,Luxembourg,27.093,11.631,39.634,2.31,1.656,1.295
2012,Luxembourg,27.894,11.977,37.182,2.28,1.635,1.49
2013,Luxembourg,27.335,11.529,33.956,2.221,1.578,1.539
2014,Luxembourg,25.831,10.831,32.012,2.2,1.553,1.433
2015,Luxembourg,21.847,10.503,28.531,2.111,1.355,1.296
2016,Luxembourg,22.464,10.651,25.659,2.071,1.473,0.891
2017,Luxembourg,22.626,10.654,22.449,1.977,1.297,0.964
2018,Luxembourg,20.256,10.585,20.347,1.991,1.359,0.91
2019,Luxembourg,21.475,11.368,18.26,1.839,1.21,0.912
1990,Malta,19.909,4.575,7.152,0.888,0.524,12.782
1991,Malta,22.094,4.89,6.919,0.856,0.525,11.306
1992,Malta,19.849,4.666,7.06,0.9,0.556,11.139
1993,Malta,24.69,5.461,8.762,1.086,0.688,15.275
1994,Malta,25.087,5.702,8.46,1.044,0.676,12.963
1995,Malta,26.632,5.848,8.12,1.07,0.708,10.721
1996,Malta,26.143,5.754,8.312,1.113,0.754,10.419
1997,Malta,25.215,5.685,8.611,1.135,0.772,10.603
1998,Malta,23.632,5.517,8.502,1.207,0.782,10.843
1999,Malta,21.745,5.325,8.51,1.167,0.785,10.859
2000,Malta,20.083,4.931,8.187,1.138,0.732,9.466
2001,Malta,18.567,4.684,8.263,1.322,0.792,11.559
2002,Malta,18.005,4.552,8.243,1.258,0.78,11.203
2003,Malta,17.148,4.474,8.549,1.22,0.788,11.671
2004,Malta,16.42,4.282,8.397,1.641,0.86,12.135
2005,Malta,14.94,4.069,9.567,1.612,0.786,12.227
2006,Malta,13.858,3.987,9.55,1.646,0.794,12.36
2007,Malta,12.162,3.762,9.532,1.684,0.802,12.668
2008,Malta,12.694,3.639,9.569,1.414,0.744,10.384
2009,Malta,11.573,3.52,8.171,1.108,0.468,6.574
2010,Malta,12.038,3.516,9.195,1.243,0.554,8.114
2011,Malta,11.505,3.387,8.045,1.297,0.581,7.936
2012,Malta,10.255,3.263,8.737,1.294,0.574,7.838
2013,Malta,9.682,3.719,6.961,1.147,0.484,5.104
2014,Malta,9.092,3.212,6.797,1.349,0.565,4.81
2015,Malta,8.889,3.151,5.591,1.146,0.422,2.269
2016,Malta,8.412,3.173,4.935,1.359,0.41,1.885
2017,Malta,8.639,3.273,4.333,1.407,0.567,0.774
2018,Malta,6.958,3.069,4.145,1.343,0.369,0.192
2019,Malta,6.762,3.026,4.38,1.465,0.397,0.237
1999,Mexico,7493.909,2599.654,1424.628,794.349,574.387,2856.516
2005,Mexico,41974.989,5163.654,2784.421,811.239,594.18,3101.653
2008,Mexico,33036.104,6028.06,3206.888,798.998,571.039,2241.214
2016,Mexico,8243,2212,1907,888,602,1361
2018,Mexico,8359.346,2759.197,2300.932,958.618,651.852,1706.652
1990,Monaco,1.878,0.588,0.567,0.029,0.021,0.132
1991,Monaco,2.085,0.62,0.619,0.029,0.022,0.122
1992,Monaco,2.318,0.654,0.684,0.032,0.025,0.128
1993,Monaco,2.112,0.611,0.654,0.03,0.024,0.129
1994,Monaco,2.011,0.584,0.627,0.029,0.023,0.121
1995,Monaco,1.826,0.543,0.584,0.028,0.022,0.096
1996,Monaco,1.671,0.505,0.567,0.028,0.022,0.097
1997,Monaco,1.586,0.487,0.545,0.028,0.021,0.086
1998,Monaco,1.386,0.442,0.5,0.028,0.02,0.084
1999,Monaco,1.341,0.424,0.479,0.028,0.02,0.08
2000,Monaco,1.254,0.395,0.459,0.027,0.019,0.068
2001,Monaco,1.194,0.381,0.475,0.028,0.019,0.068
2002,Monaco,1.089,0.354,0.431,0.026,0.018,0.068
2003,Monaco,1.071,0.34,0.412,0.026,0.017,0.066
2004,Monaco,1.01,0.321,0.39,0.024,0.016,0.06
2005,Monaco,0.971,0.358,0.38,0.024,0.015,0.055
2006,Monaco,0.855,0.296,0.277,0.024,0.015,0.035
2007,Monaco,0.82,0.278,0.271,0.024,0.014,0.029
2008,Monaco,0.727,0.272,0.275,0.021,0.014,0.017
2009,Monaco,0.599,0.247,0.266,0.021,0.013,0.017
2010,Monaco,0.513,0.224,0.244,0.019,0.011,0.017
2011,Monaco,0.552,0.241,0.242,0.018,0.011,0.014
2012,Monaco,0.577,0.233,0.24,0.017,0.01,0.014
2013,Monaco,0.55,0.229,0.235,0.015,0.009,0.014
2014,Monaco,0.554,0.227,0.209,0.016,0.009,0.013
2015,Monaco,0.534,0.226,0.201,0.023,0.01,0.016
2016,Monaco,0.504,0.224,0.174,0.019,0.009,0.01
2017,Monaco,0.526,0.216,0.155,0.012,0.007,0.013
2018,Monaco,0.538,0.214,0.143,0.013,0.007,0.011
2019,Monaco,0.529,0.213,0.128,0.015,0.007,0.009
1990,Montenegro,25.777,8.152,9.298,118.005,25.089,44.706
1991,Montenegro,26.141,8.072,10.663,110.895,23.576,45.51
1992,Montenegro,21.509,7.523,7.744,79.232,17.181,37.484
1993,Montenegro,13.939,7.325,6.737,47.684,10.902,34.673
1994,Montenegro,9.875,6.794,6.083,15.691,4.173,27.676
1995,Montenegro,12.155,7.096,3.162,25.918,6.167,2.569
1996,Montenegro,16.297,7.207,8.027,30.027,7.196,39.591
1997,Montenegro,20.267,7.119,7.372,29.926,7.104,37.032
1998,Montenegro,21.854,7.577,9.551,30.114,7.351,48.9
1999,Montenegro,24.39,7.94,10.106,30.147,7.348,47.478
2000,Montenegro,24.542,7.767,11.005,27.138,6.793,51.414
2001,Montenegro,24.132,7.228,8.922,47.327,10.607,37.782
2002,Montenegro,24.556,7.487,10.944,41.456,9.8,59.356
2003,Montenegro,26.048,7.748,10.303,30.939,7.694,55.003
2004,Montenegro,26.359,7.76,10.652,39.561,9.41,51.774
2005,Montenegro,25.296,7.378,10.511,22.772,5.78,45.038
2006,Montenegro,26.227,7.565,11.916,30.354,7.354,53.931
2007,Montenegro,26.939,7.897,11.694,26.907,6.731,38.895
2008,Montenegro,25.383,8.039,15.01,36.885,8.736,57.453
2009,Montenegro,21.262,8.179,10.842,17.898,4.934,28.976
2010,Montenegro,22.57,7.971,12.032,5.386,2.389,52.482
2011,Montenegro,23.355,8.087,13.208,14.51,4.313,59.671
2012,Montenegro,20.727,8.12,12.85,2.223,1.906,56.284
2013,Montenegro,14.837,7.4,13.717,2.069,1.87,59.05
2014,Montenegro,15.085,7.508,12.772,2.042,1.809,58.327
2015,Montenegro,15.798,7.811,13.596,2.161,1.915,62.254
2016,Montenegro,15.532,8.033,13.529,2.269,1.944,53.573
2017,Montenegro,16.26,8.283,14.59,2.426,2.032,56.085
2018,Montenegro,16.361,8.289,16.012,2.393,2.016,63.674
2019,Montenegro,16.111,8.427,16.086,2.572,2.086,61.68
1990,Netherlands,1181.25,605.385,655.974,79.185,56.194,196.607
1991,Netherlands,1088.688,570.401,645.809,76.598,54.704,183.003
1992,Netherlands,1038.648,523.941,632.763,73.329,52.409,172.563
1993,Netherlands,1011.438,501.43,615.723,69.742,50.067,161.312
1994,Netherlands,957.107,466.014,575.555,64.993,46.625,148.01
1995,Netherlands,945.732,434.238,560.794,61.415,44.223,135.569
1996,Netherlands,944.687,413.178,548.678,58.772,42.664,123.177
1997,Netherlands,876.746,377.53,516.287,53.759,38.701,108.583
1998,Netherlands,835.61,376.019,500.484,50.185,35.895,99.785
1999,Netherlands,802.74,359.646,494.546,50.008,35.185,93.501
2000,Netherlands,765.015,336.72,474.315,48.919,33.931,77.365
2001,Netherlands,766.375,309.066,459.911,47.075,32.553,78.034
2002,Netherlands,751.55,293.45,444.235,45.724,30.815,70.433
2003,Netherlands,749.929,286.808,440.61,43.929,30.302,65.77
2004,Netherlands,756.189,268.719,429.946,42.999,29.342,68.258
2005,Netherlands,740.444,272.215,420.483,41.814,28.057,66.702
2006,Netherlands,750.887,267.691,413.57,40.949,27.567,66.979
2007,Netherlands,737.266,269.893,397.234,39.721,25.82,63.05
2008,Netherlands,734.924,266.219,386.544,38.296,24.45,52.548
2009,Netherlands,674.186,266.702,351.371,36.037,22.643,38.992
2010,Netherlands,702.511,277.652,343.121,35.926,22.49,35.357
2011,Netherlands,663.214,270.773,328.731,34.129,20.581,34.28
2012,Netherlands,634.11,262.745,307.336,32.957,19.309,34.383
2013,Netherlands,604.239,261.078,292.62,32.746,19.104,30.252
2014,Netherlands,559.942,243.363,265.718,31.295,17.512,30.003
2015,Netherlands,565.261,251.358,262.779,31.239,17.554,30.774
2016,Netherlands,548.498,247.115,247.831,30.818,17.112,28.522
2017,Netherlands,540.846,247.573,238.107,30.321,16.698,26.889
2018,Netherlands,527.54,241.011,232.442,30.03,16.441,24.937
2019,Netherlands,510.269,236.965,220.282,29.037,15.724,22.658
1990,New Zealand,604.245,143.679,101.969,,,58.598
1991,New Zealand,595.326,143.654,103.154,,,56.477
1992,New Zealand,602.111,147.859,112.219,,,61.202
1993,New Zealand,605.736,148.175,114.191,,,59.788
1994,New Zealand,634.17,154.736,118.281,,,60.366
1995,New Zealand,639.279,156.765,121.37,,,63.27
1996,New Zealand,639.588,157.135,127.128,,,62.239
1997,New Zealand,655.294,164.899,134.596,,,59.941
1998,New Zealand,658.709,166.333,129.069,,,58.478
1999,New Zealand,671.097,169.003,137.072,,,62.583
2000,New Zealand,670.921,169.244,143.825,,,65.997
2001,New Zealand,677.18,170.595,150.882,,,70.513
2002,New Zealand,696.039,172.752,154.109,,,71.41
2003,New Zealand,712.63,175.261,161.212,,,84.663
2004,New Zealand,730.257,179.56,155.954,,,81.05
2005,New Zealand,722.934,178.72,164.255,,,87.533
2006,New Zealand,724.036,179.965,163.596,,,84.023
2007,New Zealand,739.308,182.274,159.883,,,77.12
2008,New Zealand,719.484,181.235,163.046,,,82.834
2009,New Zealand,704.407,179.217,153.365,,,70.479
2010,New Zealand,717.175,180.589,153.121,,,68.679
2011,New Zealand,704.857,179.928,152.684,,,69.058
2012,New Zealand,697.659,178.695,160.78,,,73.885
2013,New Zealand,696.177,178.75,161.101,,,71.269
2014,New Zealand,692.83,179.81,161.863,,,69.803
2015,New Zealand,701.146,184.104,161.658,,,71.32
2016,New Zealand,714.983,187.162,155.298,,,64.724
2017,New Zealand,726.242,190.74,164.117,,,66.143
2018,New Zealand,717.392,189.867,167.738,,,66.667
2019,New Zealand,721.498,191.128,172.554,,,73.657
1990,North Macedonia,133.039,46.88,45.16,48.499,32.725,112.167
1991,North Macedonia,112.146,41.194,37.334,42.499,28.66,91.262
1992,North Macedonia,123.974,43.523,39.188,50.815,35.004,88.454
1993,North Macedonia,133.793,45.627,40.552,45.186,31.341,90.957
1994,North Macedonia,121.331,40.614,36.372,42.784,29.312,90.235
1995,North Macedonia,125.693,43.138,38.921,43.423,29.596,96.604
1996,North Macedonia,123.668,42.826,38.245,47.841,32.51,90.492
1997,North Macedonia,126.919,43.822,37.602,46.443,31.589,94.835
1998,North Macedonia,129.147,43.664,42.833,52.974,35.995,109.362
1999,North Macedonia,132.216,44.42,39.802,45.343,31.18,99.329
2000,North Macedonia,144.896,46.417,43.161,43.865,30.073,106.241
2001,North Macedonia,114.214,38.591,40.457,28.259,18.618,108.31
2002,North Macedonia,116.027,37.572,40.479,28.643,19.131,96.234
2003,North Macedonia,116.855,37.139,35.508,42.48,29.391,94.865
2004,North Macedonia,121.639,37.35,36.754,45.985,31.782,95.74
2005,North Macedonia,75.081,25.14,34.593,37.403,24.114,94.886
2006,North Macedonia,70.819,26.385,34.475,34.065,21.731,93.246
2007,North Macedonia,71.816,27.021,37.541,27.946,17.462,98.603
2008,North Macedonia,66.578,26.761,33.468,28.472,18.083,76.932
2009,North Macedonia,63.287,24.965,34.458,22.417,12.863,103.162
2010,North Macedonia,62.43,26.08,35.925,28.437,15.921,85.742
2011,North Macedonia,64.099,26.59,38.298,35.44,21.752,103.5
2012,North Macedonia,66.68,26.42,36.17,34.378,21.442,91.372
2013,North Macedonia,64.28,25.911,28.57,37.18,23.764,82.047
2014,North Macedonia,62.064,25.732,25.908,26.757,17.085,82.694
2015,North Macedonia,63.023,24.847,25.063,22.469,14.914,75.016
2016,North Macedonia,63.129,24.448,24.229,19.665,13.014,63.276
2017,North Macedonia,55.482,23.988,22.949,14.16,8.963,54.731
2018,North Macedonia,54.946,23.254,22.073,14.382,8.619,59.799
2019,North Macedonia,55.784,22.647,22.611,13.896,8.967,115.418
1990,Norway,791.522,325.34,196.147,52.975,41.447,49.462
1991,Norway,744.869,323.571,189.84,48.725,38.245,42.17
1992,Norway,709.888,349.162,194.005,47.173,36.565,36.571
1993,Norway,715.471,369.01,199.373,50.736,40.394,35.249
1994,Norway,707.353,384.946,204.029,53.42,42.669,35.15
1995,Norway,687.165,400.116,215.21,53.629,43.149,34.46
1996,Norway,663.697,403.391,224.404,54.63,43.955,33.533
1997,Norway,650.997,402.901,232.805,59.128,47.823,30.918
1998,Norway,630.785,395.384,234.122,54.392,43.536,29.764
1999,Norway,604.342,403.507,226.513,52.182,41.573,29.198
2000,Norway,588.564,413.987,213.691,52.147,42.116,26.818
2001,Norway,574.92,423.731,212.168,51.418,41.331,25.215
2002,Norway,567.854,380.816,206.821,51.778,41.864,22.834
2003,Norway,555.781,333.874,208.592,48.142,38.587,22.903
2004,Norway,540.266,297.243,207.143,45.709,36.55,24.512
2005,Norway,539.612,248.997,207.494,46.538,37.131,22.918
2006,Norway,521.296,219.361,207.731,44.756,35.141,21.144
2007,Norway,509.071,212.657,210.966,45.647,35.332,19.386
2008,Norway,499.601,179.698,204.711,44.134,34.028,19.609
2009,Norway,454.143,163.435,194.19,41.437,31.815,14.554
2010,Norway,468.287,166.761,198.942,44.667,34.786,18.47
2011,Norway,443.293,157.535,196.506,42.267,32.189,18.308
2012,Norway,439.324,158.748,192.369,42.609,32.297,16.673
2013,Norway,413.504,157.848,188.847,38.324,28.407,17.049
2014,Norway,395.45,168.036,186.915,35.752,25.919,16.984
2015,Norway,402.9,163.815,178.935,35.607,25.877,16.62
2016,Norway,400.61,161.772,170.401,34.831,25.063,15.447
2017,Norway,406.396,159.445,164.997,35.363,25.292,15.282
2018,Norway,407.926,156.275,162.502,34.872,24.764,16.248
2019,Norway,399.606,139.433,154.541,33.576,23.381,16.253
1990,OECD - Europe,66106,19294.61,17705.08,,,23113.48
1991,OECD - Europe,64888.45,18707.05,17505.73,,,21345.38
1992,OECD - Europe,61501.47,18070.05,17140.86,,,19332.16
1993,OECD - Europe,59592.73,17423.2,16393.82,,,17977.25
1994,OECD - Europe,59552.63,17078.06,16798.75,,,17717.69
1995,OECD - Europe,57049.13,16497.09,16326.77,,,16182.85
1996,OECD - Europe,56768.5,16301.57,16246.26,,,15153.7
1997,OECD - Europe,54720.77,15885.96,15890.44,,,14028.12
1998,OECD - Europe,52582.93,15513.96,15706.76,,,13125.43
1999,OECD - Europe,43993,14286.68,14278.46,,,11764.51
2000,OECD - Europe,46041.49,13953.07,14525.95,,,9289.929
2001,OECD - Europe,44394.7,13504.6,14384.86,,,10091.63
2002,OECD - Europe,39983.17,12757.02,13730.9,,,9551.373
2003,OECD - Europe,37456.47,12138.08,13341.72,,,7781.945
2004,OECD - Europe,35105.85,11684.15,13545.49,,,7342.105
2005,OECD - Europe,33344.27,11280.53,13208.41,,,6865.836
2006,OECD - Europe,32134.75,10985.23,12897.19,,,6675.136
2007,OECD - Europe,31892.86,10651.34,12714.26,,,8144.851
2008,OECD - Europe,31075.02,10350.49,11799.91,,,6804.98
2009,OECD - Europe,28621.91,9761.261,10893.36,,,6233.643
2010,OECD - Europe,29416.67,9732.889,10620.92,,,5928.304
2011,OECD - Europe,26451.98,9257.445,10180.53,,,5725.095
2012,OECD - Europe,25649.97,9110.741,9876.723,,,5419.856
2013,OECD - Europe,25140.46,8856.036,9461.019,,,4697.313
2014,OECD - Europe,23010.21,8609.889,9141.53,,,4696.606
2015,OECD - Europe,23093.48,8563.768,9037.025,,,4407.1
2016,OECD - Europe,22665.86,8495.577,8752.862,,,4339.147
2017,OECD - Europe,22367.2,8582.509,8541.936,,,4417.967
2018,OECD - Europe,21498.02,8453.706,8184.912,,,4443.305
2019,OECD - Europe,20601.7,8300.949,7746.663,,,4182.798
1990,OECD - Total,226552.9,49873.14,47958.83,,,51565.57
1991,OECD - Total,220683.6,48990.93,47492.79,,,48833.7
1992,OECD - Total,213085.5,48093.52,47295.59,,,46401.98
1993,OECD - Total,206667.9,47117.46,46732.39,,,44649.29
1994,OECD - Total,202367.2,46549.03,47180.81,,,43796.81
1995,OECD - Total,195763.9,45654.62,46581.24,,,39762.57
1996,OECD - Total,190136.3,43138.46,46332.69,,,38503.44
1997,OECD - Total,184731.5,42444.09,46308.35,,,37801.21
1998,OECD - Total,179476.8,41311.96,45760.33,,,36774.96
1999,OECD - Total,165743.3,39514.82,43008.84,,,34069.88
2000,OECD - Total,165619.8,38536.68,43046.36,,,31015.03
2001,OECD - Total,159501.9,37656.53,42075.93,,,31661.02
2002,OECD - Total,150681.8,36093.75,44964.2,,,30238.52
2003,OECD - Total,144054.8,35192.38,44120.86,,,28822.89
2004,OECD - Total,137030.9,34764.15,42562.24,,,27402.29
2005,OECD - Total,129894.6,34052.58,41187.35,,,26649.2
2006,OECD - Total,122785,33037.33,39225.46,,,24366.03
2007,OECD - Total,116786.4,32383.5,37712.21,,,24899.16
2008,OECD - Total,110247.6,31472.28,35595.28,,,22071.4
2009,OECD - Total,103990.4,29773.05,32284.69,,,19220.23
2010,OECD - Total,102573.3,29595.33,31984.95,,,17578.08
2011,OECD - Total,96960.88,29161.21,30638.39,,,16936.69
2012,OECD - Total,92488.77,28893.36,29605.5,,,15323.22
2013,OECD - Total,91037.78,28212.95,28358.08,,,14192.69
2014,OECD - Total,85235.73,27201.86,27342.96,,,13839.29
2015,OECD - Total,81251.95,26137.76,26111.65,,,12313.69
2016,OECD - Total,79109.89,25837.17,25023.74,,,11710.03
2017,OECD - Total,81538.24,26593.5,24252.97,,,11179.35
2018,OECD - Total,80134.96,26381.21,23436.25,,,10671.11
2019,OECD - Total,76872.94,25480.11,22448.11,,,9876.391
1990,Poland,3658.95,840.944,1120.565,787.188,422.495,2553.471
1991,Poland,4291.194,884.946,1110.184,761.249,440.448,2498.639
1992,Poland,4287.124,868.946,1109.742,693.537,417.955,2229.72
1993,Poland,4967.291,953.803,1116.217,768.09,511.71,2218.251
1994,Poland,4639.275,954.293,1100.707,691.98,459.596,2113.669
1995,Poland,4719.031,951.104,1078.803,642.571,454.999,2043.818
1996,Poland,4880.664,957.905,1111.468,634.96,457.635,2076.668
1997,Poland,4492.171,927.822,1054.598,562.148,406.157,1887.579
1998,Poland,3891.542,861.332,958.895,487.104,351.643,1702.906
1999,Poland,3907.95,852.136,927.286,468.821,341.49,1524.372
2000,Poland,3358.52,825.751,868.021,406.199,293.411,1324.738
2001,Poland,3174.308,797.628,842.299,417.581,304.683,1282.444
2002,Poland,3177.492,807.017,807.087,422.763,311.16,1210.526
2003,Poland,3032.133,773.739,816.634,413.44,303.602,1168.681
2004,Poland,3050.739,801.997,830.651,419.388,310.784,1147.916
2005,Poland,3069.02,796.821,857.507,434.768,322.077,1128.943
2006,Poland,3310.511,855.42,870.367,465.849,345.444,1199.202
2007,Poland,3069.479,833.502,861.99,440.031,324.445,1109.859
2008,Poland,3164.841,856.614,834.772,444.762,331.21,877.365
2009,Poland,3126.024,808.422,817.791,438.276,328.131,758.204
2010,Poland,3407.091,776.287,843.068,472.546,360.082,824.661
2011,Poland,3088.973,767.534,822.669,446.885,335.451,776.27
2012,Poland,3111.134,745.818,785.627,452.492,338.505,746.692
2013,Poland,3000.357,698.644,746.069,432.481,326.401,702.34
2014,Poland,2879.832,710.649,727.561,401.642,300.583,653.966
2015,Poland,2843.902,733.505,719.033,394.529,297.236,638.453
2016,Poland,2974.876,743.743,727.846,405.958,307.292,518.374
2017,Poland,2954.478,745.798,764.94,401.684,299.639,505.503
2018,Poland,3097.305,755.454,685.996,473.597,373.153,480.344
2019,Poland,2716.478,730.807,637.864,420.716,324.168,396.301
1990,Portugal,757.697,246.449,257.864,79.609,63.447,317.6
1991,Portugal,769.046,249.221,272.179,80.964,64.269,307.962
1992,Portugal,798.239,252.955,293.315,82.348,65.296,366.402
1993,Portugal,770.657,239.505,283.489,79.52,62.531,309.399
1994,Portugal,775.163,238.364,283.416,79.431,62.196,287.803
1995,Portugal,781.885,232.709,294.97,81.726,63.661,321.474
1996,Portugal,755.271,233.785,276.869,80.14,64.024,262.507
1997,Portugal,736.078,234.957,279.217,83.705,65.33,274.618
1998,Portugal,706.547,235.685,292.184,150.465,72.316,321.797
1999,Portugal,673.344,233.901,303.759,106.752,67.59,330.67
2000,Portugal,638.414,230.11,298.072,83.033,65.384,294.574
2001,Portugal,591.719,219.41,295.705,86.162,62.18,277.233
2002,Portugal,571.151,213.865,301.389,94.406,62.327,276.38
2003,Portugal,546.856,203.227,276.879,83.439,59.326,184.488
2004,Portugal,519.139,195.39,279.659,79.085,59.414,187.914
2005,Portugal,482.105,184.486,281.249,73.41,57.125,189.222
2006,Portugal,449.477,177.356,259.692,78.725,54.802,164.431
2007,Portugal,423.07,171.617,249.223,69.372,53.07,157.009
2008,Portugal,386.162,161.992,231.351,69.655,51.348,103.762
2009,Portugal,363.668,147.884,218.856,67.171,48.809,71.465
2010,Portugal,354.325,149.515,201.874,65.757,48.943,62.206
2011,Portugal,328.436,141.033,184.825,72.067,49.564,56.437
2012,Portugal,313.458,135.118,171.158,67.737,48.004,51.664
2013,Portugal,294.84,133.795,167.279,60.581,46.839,47.487
2014,Portugal,279.062,139.807,164.503,57.166,46.106,42.982
2015,Portugal,283.548,139.871,166.598,56.517,45.881,45.172
2016,Portugal,269.987,137.028,158.992,57.004,45.24,45.136
2017,Portugal,268.201,137.974,161.781,56.183,45.204,46.099
2018,Portugal,250.163,139.448,156.459,56.545,45.229,44.81
2019,Portugal,258.56,138.11,151.035,57.015,44.957,43.841
1990,Romania,1207.732,395.251,473.401,132.613,77.278,819.312
1991,Romania,955.039,327.582,399.97,108.021,63.774,700.131
1992,Romania,816.941,300.953,411.368,100.75,62.232,696.965
1993,Romania,758.633,277.875,371.273,105.61,64.718,699.695
1994,Romania,761.927,283.143,373.192,107.61,67.785,665.371
1995,Romania,751.069,289.743,375.256,114.25,72.976,696.083
1996,Romania,1098.987,338.572,421.091,152.69,110.674,698.723
1997,Romania,1248.163,343.639,402.442,168.805,130.487,614.054
1998,Romania,1184.37,319.022,354.057,152.793,117.243,494.451
1999,Romania,1027.352,288.776,306.409,140.744,108.52,474.716
2000,Romania,1058.818,305.896,315.905,139.196,106.345,491.769
2001,Romania,1033.599,297.187,329.452,121.313,86.934,509.377
2002,Romania,1038.279,299.407,335.688,123.654,89.887,509.043
2003,Romania,1095.565,314.869,341.194,144.038,105.901,587.847
2004,Romania,1198.761,324.074,343.482,161.228,118.918,558.24
2005,Romania,1225.046,325.564,332.863,157.765,119.876,603.224
2006,Romania,1136.865,309.788,332.415,153.883,115.151,648.757
2007,Romania,1116.464,288.988,313.045,154.631,113.139,516.802
2008,Romania,1158.595,307.439,307.64,171.006,132.49,521.534
2009,Romania,1044.663,276.808,261.273,160.505,125.178,441.745
2010,Romania,1050.421,263.356,247.654,164.688,128.622,355.379
2011,Romania,1008.949,257.203,258.635,156.553,118.816,327.272
2012,Romania,977.534,255.523,250.974,160.348,120.766,257.401
2013,Romania,954.461,244.387,229.469,150.383,113.424,207.899
2014,Romania,958.685,241.816,221.3,150.718,113.631,181.017
2015,Romania,913.282,239.15,220.202,145.018,108.573,148.862
2016,Romania,934.802,231.843,210.627,142.966,108.745,98.038
2017,Romania,941.716,235.209,219.361,142.943,110.131,78.341
2018,Romania,942.997,231.322,221.738,145.68,109.386,70.924
2019,Romania,949.019,232.796,217.533,150.983,110.503,85.847
2006,Russia,17438,3461,3678,,,4904
2007,Russia,17485,3463,3764,,,4709
2008,Russia,16299,2889,3809,,,4675
2009,Russia,15632,2925,3669,,,4512
2010,Russia,15363,2894,3735,,,4512
2011,Russia,15840,2977,3649,,,4462
2012,Russia,16119,2563,3452,,,4431
2013,Russia,15782,2834,3423,,,4306
2014,Russia,15517,2741,3379,,,4131
2015,Russia,15531,2716,3381,,,4196
2016,Russia,15862,2756,3460,,,4110
2017,Russia,16167,2742,3535,,,3809
2018,Russia,16596,2892,3519,16596,,3703
1990,Serbia,517.583,191.186,182.81,73.255,54.693,576.573
1991,Serbia,444.97,166.783,167.555,62.107,45.319,509.461
1992,Serbia,421.447,162.414,156.946,58.155,42.033,491.264
1993,Serbia,353.83,148.442,130.196,54.571,40.246,457.972
1994,Serbia,390.832,147.055,136.905,52.913,38.674,418.897
1995,Serbia,351.223,145.188,151.688,49.741,34.813,499.167
1996,Serbia,379.542,147.736,158.518,52.977,37.53,501.573
1997,Serbia,385.828,152.775,168.643,53.695,37.899,541.032
1998,Serbia,411.655,156.207,168.4,56.032,39.938,549.437
1999,Serbia,375.882,137.972,132.122,51.839,37.934,418.415
2000,Serbia,400.027,148.943,146.483,54.12,40.025,463.113
2001,Serbia,401.724,146.465,151.368,53.516,39.837,458.652
2002,Serbia,402.322,147.355,161.483,55.199,41.029,483.555
2003,Serbia,417.667,150.871,164.648,55.853,41.792,508.279
2004,Serbia,434.281,153.155,179.512,56.912,42.303,517.887
2005,Serbia,403.018,148.595,165.036,54.341,39.709,443.662
2006,Serbia,357.663,146.064,166.576,51.619,36.713,459.817
2007,Serbia,402.569,149.96,173.047,55.778,40.876,468.808
2008,Serbia,365.515,144.805,170.183,51.753,37.071,479.48
2009,Serbia,359.119,144.083,160.68,56.759,43.088,431.781
2010,Serbia,347.841,136.123,147.268,56.573,42.576,401.31
2011,Serbia,344.754,135.902,161.237,56.75,42.229,456.274
2012,Serbia,307.863,130.094,151.79,55.821,42.118,419.894
2013,Serbia,283.619,129.421,152.051,51.273,37.36,434.388
2014,Serbia,266.516,118.75,125.093,50.068,36.7,342.64
2015,Serbia,268.643,125.203,144.552,52.345,37.851,362.345
2016,Serbia,286.24,130.138,185.388,59.3,43.33,373.021
2017,Serbia,277.165,127.726,184.007,56.578,40.935,369.845
2018,Serbia,279.949,123.818,172.32,57.087,41.275,348.336
2019,Serbia,283.696,123.861,168.223,58.481,42.219,397.115
1990,Slovak Republic,1032.959,255.146,136.236,107.94,96.424,139.633
1991,Slovak Republic,952.54,236.472,120.253,98.436,87.464,135.135
1992,Slovak Republic,897.345,223.365,111.544,91.829,81.43,132.452
1993,Slovak Republic,798.946,197.733,109.871,76.373,66.393,126.485
1994,Slovak Republic,723.031,183.037,110.648,67.855,57.747,123.386
1995,Slovak Republic,655.35,170.676,112.419,61.208,51.101,120.492
1996,Slovak Republic,614.663,163.969,112.107,58.584,47.354,117.998
1997,Slovak Republic,559.83,151.083,112.371,50.761,40.837,117.103
1998,Slovak Republic,571.208,151.764,112.119,53.583,41.997,117.788
1999,Slovak Republic,545.432,144.408,107.89,49.749,39.645,115.328
2000,Slovak Republic,541.552,144.363,110.077,54.173,43.646,117.276
2001,Slovak Republic,554.168,145.734,111.709,53.243,42.86,123.107
2002,Slovak Republic,475.812,132.746,104.91,42.799,32.458,99.283
2003,Slovak Republic,500.694,132.208,102.738,41.885,32.08,102.06
2004,Slovak Republic,508.136,132.569,102.446,39.161,29.667,93.284
2005,Slovak Republic,547.718,141.028,105.988,44.834,35.762,86.213
2006,Slovak Republic,503.701,135.203,99.211,41.318,32.479,84.735
2007,Slovak Republic,499.465,129.406,98.658,36.364,28.285,68.946
2008,Slovak Republic,461.49,125.537,100.186,33.557,25.594,67.573
2009,Slovak Republic,405.347,117.438,89.721,31.079,23.39,62.717
2010,Slovak Republic,446.736,117.283,87.779,33.191,26.226,67.709
2011,Slovak Republic,413.907,114.582,80.512,30.983,24.245,67.032
2012,Slovak Republic,427.023,112.8,77.077,32.43,25.839,57.003
2013,Slovak Republic,388.716,108.17,68.968,30.578,23.873,51.745
2014,Slovak Republic,314.96,90.806,66.123,22.41,16.004,44.422
2015,Slovak Republic,358.318,104.878,67.775,28.532,20.579,66.789
2016,Slovak Republic,367.955,104.706,63.223,27.17,20.679,26.298
2017,Slovak Republic,373.12,103.4,62.74,27.98,21.188,27.918
2018,Slovak Republic,312.569,94.792,62.072,23.397,17.165,20.263
2019,Slovak Republic,282.93,91.965,58.304,24.066,17.746,15.599
1990,Slovenia,290.101,65.045,75.103,,,202.94
1991,Slovenia,276.029,62.567,69.496,,,187.713
1992,Slovenia,272.173,61.395,68.496,,,193.586
1993,Slovenia,287.227,61.872,73.228,,,191.343
1994,Slovenia,279.862,62.715,75.946,,,185.032
1995,Slovenia,280.113,62.664,75.166,,,124.692
1996,Slovenia,289.213,65.958,77.162,,,115.999
1997,Slovenia,264.808,62.614,77.666,,,120.076
1998,Slovenia,232.691,58.392,68.32,,,110.162
1999,Slovenia,215.219,55.61,60.851,,,96.269
2000,Slovenia,203.264,54.758,58.503,17.898,14.209,93.115
2001,Slovenia,214.477,55.33,59.243,20.198,16.353,63.296
2002,Slovenia,182.062,51.363,58.444,17.966,14.049,62.765
2003,Slovenia,183.69,50.859,55.181,18.585,14.562,59.834
2004,Slovenia,171.677,48.776,53.881,18.364,14.262,50.495
2005,Slovenia,181.789,48.123,55.015,20.735,16.344,39.69
2006,Slovenia,160.569,45.984,55.172,19.122,14.679,16.628
2007,Slovenia,166.184,45.943,53.847,20.825,16.057,14.095
2008,Slovenia,158.088,43.856,58.08,20.237,15.73,11.741
2009,Slovenia,141.93,40.393,48.439,16.757,14.413,9.939
2010,Slovenia,142.43,39.582,47.69,18.217,14.66,10.289
2011,Slovenia,139.298,37.104,46.889,17.728,14.546,11.269
2012,Slovenia,133.215,35.635,45.455,16.767,13.963,10.517
2013,Slovenia,132.707,34.781,42.734,16.439,14.052,9.717
2014,Slovenia,113.614,32.159,38.71,13.677,12.086,7.826
2015,Slovenia,121.226,32.557,35.079,14.53,12.952,5.59
2016,Slovenia,120.552,32.866,34.523,15.423,12.953,4.777
2017,Slovenia,115.441,32.46,34.021,14.806,12.366,5.046
2018,Slovenia,105.088,32.212,32.645,13.86,11.256,4.96
2019,Slovenia,97.416,31.409,29.504,13.299,10.627,4.473
1990,Spain,4102.359,1025.45,1309.783,,,2049.492
1991,Spain,4171.784,1029.55,1349.354,,,2071.341
1992,Spain,4188.176,1020.928,1368.181,,,2054.771
1993,Spain,3873.729,940.624,1306.115,,,1955.138
1994,Spain,3608.544,941.354,1311.762,,,1904.685
1995,Spain,3114.081,918.695,1317.877,,,1767.151
1996,Spain,3537.135,955.281,1303.291,,,1555.74
1997,Spain,3363.913,950.007,1324.664,,,1623.065
1998,Spain,3235.64,956.991,1320.962,,,1494.476
1999,Spain,2972.957,926.56,1324.184,,,1509.121
2000,Spain,2625.943,886.645,1331.809,295.343,185.341,1387.678
2001,Spain,2477.004,857.297,1298.548,286.356,178.221,1329.434
2002,Spain,2255.16,843.556,1321.987,284.33,172.081,1473.605
2003,Spain,2401.08,779.456,1328.696,302.984,187.554,1221.772
2004,Spain,2165.155,760.646,1342.486,289.949,172.783,1252.892
2005,Spain,1992.452,728.565,1318.109,284.514,166.652,1207.032
2006,Spain,2000.627,700.529,1287.695,291.931,170.641,1075.962
2007,Spain,1969.818,682.083,1288.951,290.255,171.012,1046.382
2008,Spain,1822.511,639.155,1100.41,257.186,156.974,384.418
2009,Spain,1845.606,609.024,984.773,251.626,163.637,285.55
2010,Spain,1857.534,600.538,931.741,243.8,160.684,244.83
2011,Spain,1844.189,580.943,931.071,251.147,164.34,281.529
2012,Spain,1540.094,556.808,876.995,226.113,144.301,284.804
2013,Spain,1851.579,540.144,808.107,240.522,163.862,221.797
2014,Spain,1593.499,537.159,789.199,218.737,142.406,242.552
2015,Spain,1732.9,549.834,807.179,237.721,153.158,260.15
2016,Spain,1595.957,548.346,756.185,214.547,133.774,216.759
2017,Spain,1591.357,564.375,748.342,212.316,133.557,220.003
2018,Spain,1801.415,574.72,735.188,229.571,148.752,198.566
2019,Spain,1529.446,549.976,672.692,211.453,129.846,150.791
1990,Sweden,1092.959,366.584,288.692,66.604,45.497,102.355
1991,Sweden,1138.793,350.728,293.016,66.369,45.558,100.027
1992,Sweden,1075.683,330.912,278.977,64.827,44.112,93.285
1993,Sweden,975.198,298.898,265.726,64.833,44.451,82.253
1994,Sweden,993.545,292.69,268.605,63.95,43.414,80.814
1995,Sweden,935.47,277.345,257.382,62.485,42.235,70.473
1996,Sweden,908.45,271.742,252.327,61.833,41.896,68.619
1997,Sweden,825.146,252.339,240.9,58.066,38.625,59.773
1998,Sweden,775.737,240.989,231.16,55.834,36.318,56.405
1999,Sweden,712.328,232.368,224.431,53.229,34.095,46.629
2000,Sweden,642.31,222.061,221.563,52.593,33.592,43.997
2001,Sweden,601.061,212.312,211.517,51.46,32.488,41.212
2002,Sweden,565.588,207.732,203.914,50.514,31.686,41.282
2003,Sweden,544.165,207.898,199.822,51.254,32.165,41.017
2004,Sweden,502.336,205.216,196.053,50.167,30.888,36.249
2005,Sweden,492.308,203.723,192.592,50.559,31.305,34.269
2006,Sweden,458.925,198.837,190.787,48.788,29.409,34.369
2007,Sweden,450.267,204.06,185.569,48.65,28.999,30.878
2008,Sweden,431.367,195.222,177.621,46.476,27.572,28.588
2009,Sweden,415.528,180.038,164.319,43.913,25.946,26.171
2010,Sweden,405.449,176.627,168.879,44.191,26.094,27.896
2011,Sweden,386.817,174.521,162.749,45.177,25.556,25.17
2012,Sweden,361.067,166.824,155.44,41.496,23.941,24.511
2013,Sweden,354.683,159.513,152.058,42.838,23.348,22.398
2014,Sweden,344.446,155.7,150.104,38.429,20.182,19.639
2015,Sweden,332.038,157.083,146.258,37.307,18.854,16.664
2016,Sweden,334.607,150.202,143.294,38,18.998,17.423
2017,Sweden,327.345,142.793,137.858,38.695,19.319,16.918
2018,Sweden,306.758,138.468,133.612,37.783,18.284,16.586
2019,Sweden,299.605,139.038,124.66,36.734,17.51,15.645
1990,Switzerland,817.227,301.991,143.925,25.277,16.523,36.841
1991,Switzerland,779.183,287.415,140.787,25.263,16.725,36.522
1992,Switzerland,719.069,265.267,134.003,24.606,16.096,34.092
1993,Switzerland,627.211,239.34,121.928,23.601,15.324,29.162
1994,Switzerland,574.301,225.582,119.212,22.768,14.555,26.4
1995,Switzerland,531.469,209.578,114.954,22.051,14.165,26.133
1996,Switzerland,511.153,198.436,109.546,21.803,14.01,24.655
1997,Switzerland,479.486,185.76,105.215,20.777,13.051,21.25
1998,Switzerland,458.945,174.45,104.719,20.258,12.599,22.089
1999,Switzerland,444.123,167.337,104.212,19.662,12.253,19.104
2000,Switzerland,418.21,157.467,102.011,19.162,11.733,16.348
2001,Switzerland,390.728,148.267,98.955,18.796,11.496,17.105
2002,Switzerland,364.162,136.758,94.267,18.19,10.927,14.96
2003,Switzerland,352.892,128.42,93.103,18.173,10.883,15.207
2004,Switzerland,336.157,119.218,92.54,18.07,10.703,14.849
2005,Switzerland,320.816,115.775,93.244,18.211,10.66,13.897
2006,Switzerland,298.998,112.356,91.671,18.115,10.475,13.234
2007,Switzerland,284.277,109.292,90.318,17.845,10.085,11.548
2008,Switzerland,276.735,106.893,90.123,18.003,10.139,11.604
2009,Switzerland,260.995,103.594,85.358,17.34,9.529,10.256
2010,Switzerland,252.051,99.984,83.038,17.189,9.296,10.374
2011,Switzerland,228.185,95.441,78.77,16.195,8.304,8.318
2012,Switzerland,221.052,92.534,79.178,15.998,8.124,8.513
2013,Switzerland,213.159,89.732,79.268,15.843,7.879,7.872
2014,Switzerland,192.107,85.792,75.506,14.962,7.029,7.123
2015,Switzerland,183.575,82.178,71.376,14.683,6.807,5.502
2016,Switzerland,184.148,79.464,69.457,14.625,6.722,5.059
2017,Switzerland,177.552,78.374,65.766,14.567,6.614,4.843
2018,Switzerland,168.551,77.289,62.507,14.38,6.361,4.629
2019,Switzerland,167.882,76.39,58.923,14.179,6.184,4.269
1990,Trkiye,2022.088,716.672,131.445,758.438,503.829,571.872
1991,Trkiye,2058.783,742.929,137.944,730.08,493.675,593.264
1992,Trkiye,2090.287,754.274,152.39,701.721,483.52,597.903
1993,Trkiye,2055.164,764.293,159.855,673.363,473.366,581.45
1994,Trkiye,6067.846,1342.126,1081.4,645.005,463.211,1725.847
1995,Trkiye,5747.767,1303.846,1032.94,616.646,453.057,1808.804
1996,Trkiye,6274.634,1371.285,1182.872,596.64,440.996,1937.792
1997,Trkiye,7329.673,1468.955,1396.044,576.634,428.935,2108.423
1998,Trkiye,8193.268,1561.044,1542.688,556.628,416.875,2186.901
1999,Trkiye,2237.751,1006.343,542.473,536.622,404.814,2115.585
2000,Trkiye,7774.39,1439.166,1272.634,516.615,392.753,726.637
2001,Trkiye,7932.011,1472.525,1372.621,507.911,387.534,1947.498
2002,Trkiye,5889.459,1290.522,1053.71,499.207,382.314,1831.843
2003,Trkiye,4227.666,1067.768,793.101,490.503,377.095,663.566
2004,Trkiye,3298.209,1027.877,1193.232,481.799,371.875,645.955
2005,Trkiye,2890.207,963.513,1079.054,473.094,366.656,626.221
2006,Trkiye,2724.47,942.041,1047.193,494.87,382.146,697.739
2007,Trkiye,3384.351,982.896,1212.549,516.645,397.636,2498.414
2008,Trkiye,3545.998,1081.713,1125.065,538.42,413.126,2526.181
2009,Trkiye,3532.441,1089.691,1053.347,560.196,428.616,2626.135
2010,Trkiye,3398.849,1098.349,978.749,581.971,444.106,2472.962
2011,Trkiye,2942.499,1067.813,946.237,576.592,432.351,2501.566
2012,Trkiye,2806.042,1093.448,938.41,571.213,420.596,2309.336
2013,Trkiye,2426.837,1076.451,867.861,565.834,408.841,1896.561
2014,Trkiye,2361.89,1078.668,896.784,560.454,397.086,2148.11
2015,Trkiye,2362.816,1090.813,958.576,555.075,385.331,1952.107
2016,Trkiye,2338.914,1094.474,991.066,554.499,384.899,2268.689
2017,Trkiye,2166.288,1121.43,972.283,553.922,384.467,2377.633
2018,Trkiye,1652.611,1097.603,958.709,553.345,384.035,2527.179
2019,Trkiye,1757.979,1125.479,969.828,552.768,383.603,2531.886
1990,Tajikistan,391.296,53.086,41.854,36.492,27.041,64.117
1991,Tajikistan,334.088,44.684,36.859,26.014,19.368,63.351
1992,Tajikistan,287.363,40.707,27.776,22.339,16.727,44.469
1993,Tajikistan,211.203,36.718,20.435,14.328,10.804,34.285
1994,Tajikistan,145.843,32.438,13.242,7.354,5.594,24.357
1995,Tajikistan,149.288,31.089,11.666,7.016,5.399,20.21
1996,Tajikistan,137.954,31.178,10.06,5.659,4.328,14.347
1997,Tajikistan,152.155,31.713,11.087,7.822,5.948,13.752
1998,Tajikistan,139.984,30.737,9.988,7.115,5.379,13.032
1999,Tajikistan,149.348,30.966,8.509,6.915,5.199,11.116
2000,Tajikistan,182.551,31.431,7.958,8.212,6.141,9.312
2001,Tajikistan,191.524,32.193,8.774,8.278,6.195,13.209
2002,Tajikistan,175.376,32.344,8.856,8.924,6.683,14.914
2003,Tajikistan,177.221,32.378,8.647,9.917,7.432,15.233
2004,Tajikistan,206.455,34.596,10.129,11.217,8.412,17.938
2005,Tajikistan,215.167,35.832,10.165,11.678,8.765,19.459
2006,Tajikistan,225.561,37.442,10.743,11.623,8.714,24.095
2007,Tajikistan,251.433,39.803,12.511,14.537,10.889,37.445
2008,Tajikistan,240.733,40.842,12.055,14.488,10.841,40.582
2009,Tajikistan,240.657,42.728,12.009,15.163,11.336,45.657
2010,Tajikistan,238.67,44,11.926,15.284,11.416,52.941
2011,Tajikistan,213.738,45.166,11.751,14.691,11.009,54.877
2012,Tajikistan,254.252,48.899,20.533,20.025,15.053,29.779
2013,Tajikistan,246.831,50.657,22.589,21.36,16.105,25.16
2014,Tajikistan,255.212,55.032,31.505,27.525,20.813,19.481
2015,Tajikistan,280.997,57.381,31.825,30.627,23.224,25.042
2016,Tajikistan,400.118,69.003,44.305,33.844,25.764,85.886
2017,Tajikistan,455.375,77.217,52.973,37.516,28.657,109.249
2018,Tajikistan,534.906,88.047,59.881,42.964,32.919,114.097
2019,Tajikistan,585.059,95.675,61.569,45.403,34.882,121.284
1990,Ukraine,446.762,397.447,406.432,135.315,85.977,903.272
1991,Ukraine,430.318,386.979,397.578,126.988,81.265,858.282
1992,Ukraine,518.684,373.854,412.062,137.56,93.514,1060.337
1993,Ukraine,495.671,357.139,373.268,124.767,87.255,1012.859
1994,Ukraine,436.1,328.26,320.327,105.893,74.809,876.919
1995,Ukraine,453.422,306.18,320.573,104.208,76.076,916.586
1996,Ukraine,338.884,272.202,268.66,81.1,57.33,666.814
1997,Ukraine,383.169,249.43,271.844,85.038,61.974,755.565
1998,Ukraine,239.872,231.834,218.054,59.674,38.925,416.1
1999,Ukraine,235.615,217.208,186.633,58.872,38.722,430.055
2000,Ukraine,214.706,201.954,169.47,54.025,34.774,383.303
2001,Ukraine,241.034,207.987,188.551,60.368,38.908,429.773
2002,Ukraine,241.605,205.339,175.688,61.992,39.877,447.605
2003,Ukraine,206.797,187.449,164.343,63.91,34.778,363.14
2004,Ukraine,1515.739,274.175,333.676,151.911,51.659,646.168
2005,Ukraine,1931.939,319.685,432.342,167.227,62.986,711.982
2006,Ukraine,2011.373,317.762,444.005,173.92,69.096,804.361
2007,Ukraine,2072.533,306.846,452.722,179.929,74.19,828.901
2008,Ukraine,1870.484,295.438,440.041,170.862,72.898,802.313
2009,Ukraine,1560.497,283.932,368.769,135.525,62.162,700.133
2010,Ukraine,1726.744,285.087,393.03,146.573,65.386,737.17
2011,Ukraine,1742.712,284.109,409.954,153.225,66.36,783.44
2012,Ukraine,1709.724,282.467,410.218,150.362,68.851,816.391
2013,Ukraine,1667.934,276.485,391.889,145.061,66.094,777.776
2014,Ukraine,1477.188,263.994,354.89,122.288,58.958,685.091
2015,Ukraine,1349.035,242.206,317.088,103.959,55.232,588.06
2016,Ukraine,1442.811,249.934,345.167,115.89,62.671,671.446
2017,Ukraine,1346.247,247.959,339.928,111.244,57.612,643.026
2018,Ukraine,1366.64,239.126,347.008,116.571,61.06,674.756
2019,Ukraine,1591.293,328.895,427.872,281.437,207.233,840.382
1990,United Kingdom,8491.709,2901.575,3043.977,395.158,253.778,3579.701
1991,United Kingdom,8606.437,2860.215,2964.373,392.521,252.881,3511.505
1992,United Kingdom,8311.334,2776.172,2921.374,372.62,245.049,3416.757
1993,United Kingdom,8038.555,2654.727,2780.11,342.571,226.23,3102.452
1994,United Kingdom,7416.991,2499.191,2725.604,324.512,216.748,2813.905
1995,United Kingdom,6814.324,2364.747,2593.831,297.869,195.644,2532.765
1996,United Kingdom,6886.617,2319.663,2513.076,293.801,189.362,2154.867
1997,United Kingdom,6449.772,2215.174,2331.298,275.591,179.006,1753.466
1998,United Kingdom,6096.227,2107.738,2252.255,258.876,168.231,1752.547
1999,United Kingdom,5703.03,1898.698,2139.432,251.349,163.395,1360.986
2000,United Kingdom,5165.22,1759.859,2055.117,235.267,146.147,1295.888
2001,United Kingdom,4755.766,1647.276,1999.194,238.297,142.631,1223.197
2002,United Kingdom,4200.662,1534.401,1904.337,208.566,125.574,1102.377
2003,United Kingdom,3810.002,1451.477,1867.673,220.331,123.775,1073.011
2004,United Kingdom,3565.771,1345.271,1808.526,203.26,120.059,903.178
2005,United Kingdom,3358.978,1256.908,1783.696,197.253,117.535,784.478
2006,United Kingdom,3150.564,1193.064,1719.859,191.967,115.7,742.111
2007,United Kingdom,3085.679,1147.68,1643.354,178.032,106.738,650.359
2008,United Kingdom,2579.251,1057.614,1470.596,161.248,97.816,549.886
2009,United Kingdom,2053.846,946.627,1285.636,149.878,90.494,456.086
2010,United Kingdom,1938.67,913.082,1259.38,161.546,93.88,464.091
2011,United Kingdom,1791.152,886.227,1169.917,149.814,87.724,430.206
2012,United Kingdom,1753.277,869.524,1193.137,144.305,87.828,478.641
2013,United Kingdom,1705.315,839.191,1131.27,152.599,89.6,415.314
2014,United Kingdom,1627.187,822.407,1054.577,147.857,86.907,339.921
2015,United Kingdom,1557.669,821.611,1012.288,145.362,85.157,267.078
2016,United Kingdom,1394.737,805.573,922.901,147.117,83.041,195.89
2017,United Kingdom,1422.572,816.449,882.384,153.25,84.147,188.52
2018,United Kingdom,1415.847,839.154,839.991,151.242,86.664,174.372
2019,United Kingdom,1327.148,821.277,779.538,147.069,82.988,154.092
1990,United States,129789.475,20979,22829.973,25177.522,6858.432,20924.703
1991,United States,125656.272,20773.973,22619.276,24807.384,6640.704,20287.714
1992,United States,121529.419,20556.245,22704.726,24583.306,6530.026,20024.391
1993,United States,116865.504,20187.014,22790.91,24824.621,6485.573,19744.548
1994,United States,112403.894,19896.71,22651.256,25953.178,6842.102,19351.945
1995,United States,108392.256,19575.562,22404.943,23423.904,6285.989,16882.4
1996,United States,103277.291,17238.017,22119.691,20735.868,6100.325,16665.694
1997,United States,100330.752,17042.561,22249.842,20782.708,5675.849,17085.914
1998,United States,98155.403,16453.008,21932.287,20768.228,5679.64,17181.195
1999,United States,93560.598,15969.353,20510.518,21213.407,6541.609,15856.283
2000,United States,92082.828,15329.42,20262.523,21543.167,6611.687,14767.108
2001,United States,88530.711,15149.274,19393.71,21507.529,6346.438,14413.253
2002,United States,84639.531,14415.594,22813.548,14525.044,4030.707,13425.248
2003,United States,81751.469,14418.715,22223.728,14727.063,4183.017,13887.783
2004,United States,77850.953,14548.402,20612.081,14788.467,4363.565,13238.505
2005,United States,74248.434,14371.944,19727.458,15418.144,4501.682,13173.955
2006,United States,68920.314,13736.409,18309.139,14693.665,4295.682,11245.001
2007,United States,64469.601,13460.077,17123.773,14914.285,4193.28,10466.942
2008,United States,59611.227,13045.333,16189.731,14781.129,4190.313,9203.162
2009,United States,56136.652,12135.885,14063.287,14366.459,3962.947,7235.522
2010,United States,53161.067,11991.053,13882.921,14557.139,4042.516,6281.986
2011,United States,51653.166,12128.188,13190.443,14640.296,4059.612,5791.057
2012,United States,48269.767,11975.878,12387.156,14728.652,3831.331,4601.862
2013,United States,47536.494,11488.781,11639.065,13962.652,3760.249,4381.568
2014,United States,45940.118,11448.654,10983.72,13957.06,3731.559,4150.084
2015,United States,43132.876,11000.221,9952.411,13791.992,3517.561,3117.945
2016,United States,40682.803,10713.726,8987.879,14281.15,3657.385,2380.082
2017,United States,43248.658,11323.179,8454.802,14761.821,3936.025,2183.331
2018,United States,43476.162,11482.067,8102.225,14188.892,3940.162,2092.726
2019,United States,41504.746,10893.135,7735.416,13657.838,3747.516,1759.387
